dist_id,city,district,city_title,dist_title,area_sqm,urban_15_34,rural_15_34,total_15_34,dense_15_34
VNM.27.15_1,HàNội,HoàngMai,ThànhPhố,Quận,40088284.03499687,165815.0,0.0,165815.0,4136.0
VNM.27.26_1,HàNội,ThạchThất,ThànhPhố,Huyện,186043079.9933269,1880.0,65474.0,67354.0,362.0
VNM.14.8_1,CaoBằng,PhụcHoà,Tỉnh,Huyện,250978339.0340585,2861.0,4374.0,7235.0,29.0
VNM.38.7_1,LàoCai,SaPa,Tỉnh,Huyện,680980424.2452943,3487.0,19639.0,23126.0,34.0
VNM.36.4_1,LaiChâu,PhongThổ,Tỉnh,Huyện,1027170299.2174034,1925.0,26456.0,28381.0,28.0
VNM.63.1_1,YênBái,LụcYên,Tỉnh,Huyện,808867917.5917567,2589.0,31115.0,33704.0,42.0
VNM.30.6_1,HoàBình,LạcSơn,Tỉnh,Huyện,587731762.9769665,1053.0,37398.0,38451.0,65.0
VNM.56.8_1,TháiNguyên,TháiNguyên,Tỉnh,ThànhPhố,222848246.59208387,79133.0,31123.0,110256.0,495.0
VNM.35.3_1,LạngSơn,CaoLộc,Tỉnh,Huyện,616697069.2502184,5309.0,21106.0,26415.0,43.0
VNM.49.9_1,QuảngNinh,HoànhBồ,Tỉnh,Huyện,843237552.6598781,3505.0,13590.0,17095.0,20.0
VNM.44.9_1,PhúThọ,ThanhBa,Tỉnh,Huyện,195590291.59314877,1932.0,29520.0,31452.0,161.0
VNM.22.2_1,HảiDương,CẩmGiàng,Tỉnh,Huyện,109929025.23280792,4822.0,40140.0,44962.0,409.0
VNM.23.14_1,HảiPhòng,TiênLãng,ThànhPhố,Huyện,186417684.2808634,3748.0,38033.0,41781.0,224.0
VNM.31.8_1,HưngYên,VănGiang,Tỉnh,Huyện,72243246.46061513,3179.0,31245.0,34424.0,477.0
VNM.55.6_1,TháiBình,TháiThụy,Tỉnh,Huyện,283839778.60524863,2249.0,60042.0,62291.0,219.0
VNM.55.8_1,TháiBình,VũThư,Tỉnh,Huyện,196921133.65983328,891.0,57393.0,58284.0,296.0
VNM.40.8_1,NamĐịnh,VụBản,Tỉnh,Huyện,153067364.76802102,1887.0,31327.0,33214.0,217.0
VNM.40.7_1,NamĐịnh,TrựcNinh,Tỉnh,Huyện,143286501.1740439,8362.0,34178.0,42540.0,297.0
VNM.57.7_1,ThanhHóa,HoằngHóa,Tỉnh,Huyện,201194435.84564942,1112.0,70434.0,71546.0,356.0
VNM.57.13_1,ThanhHóa,NhưXuân,Tỉnh,Huyện,714446196.646979,1127.0,19878.0,21005.0,29.0
VNM.57.12_1,ThanhHóa,NhưThanh,Tỉnh,Huyện,599319097.7731258,1737.0,30264.0,32001.0,53.0
VNM.41.1_1,NghệAn,AnhSơn,Tỉnh,Huyện,600142273.7759646,1353.0,34836.0,36189.0,60.0
VNM.29.13_1,HàTĩnh,VũQuang,Tỉnh,Huyện,635726994.7398491,1058.0,6061.0,7119.0,11.0
VNM.29.11_1,HàTĩnh,NghiXuân,Tỉnh,Huyện,229021592.93507695,3661.0,25791.0,29452.0,129.0
VNM.46.1_1,QuảngBình,BốTrạch,Tỉnh,Huyện,2106229111.911396,4914.0,55222.0,60136.0,29.0
VNM.50.3_1,QuảngTrị,ĐaKrông,Tỉnh,Huyện,1102484489.4591937,1486.0,13655.0,15141.0,14.0
VNM.50.1_1,QuảngTrị,CồnCỏ,Tỉnh,Huyện,2148688.7277414287,0.0,156.0,156.0,73.0
VNM.54.6_1,ThừaThiênHuế,PhongĐiền,Tỉnh,Huyện,951690078.9569298,2174.0,21324.0,23498.0,25.0
VNM.54.7_1,ThừaThiênHuế,PhúLộc,Tỉnh,Huyện,711025332.8080083,6641.0,29559.0,36200.0,51.0
VNM.19.6_1,ĐàNẵng,SơnTrà,ThànhPhố,Quận,59005356.65952407,54775.0,0.0,54775.0,928.0
VNM.19.1_1,ĐàNẵng,CẩmLệ,ThànhPhố,Quận,32778437.07046587,55961.0,0.0,55961.0,1707.0
VNM.32.1_1,KhánhHòa,CamLâm,Tỉnh,Huyện,560810138.6780442,5159.0,29347.0,34506.0,62.0
VNM.43.2_1,NinhThuận,NinhHải,Tỉnh,Huyện,254265531.1886326,5621.0,24200.0,29821.0,117.0
VNM.21.3_1,GiaLai,ChưPăh,Tỉnh,Huyện,979413380.373013,3523.0,22056.0,25579.0,26.0
VNM.37.7_1,LâmĐồng,ĐàLạt,Tỉnh,ThànhPhố,393682218.35494,68229.0,7630.0,75859.0,193.0
VNM.37.12_1,LâmĐồng,LâmHà,Tỉnh,Huyện,939741648.4708909,9219.0,36597.0,45816.0,49.0
VNM.10.2_1,BìnhPhước,BùĐốp,Tỉnh,Huyện,376445595.58711505,2698.0,14864.0,17562.0,47.0
VNM.25.12_1,HồChíMinh,12,ThànhPhố,Quận,52772779.975914985,238048.0,0.0,238048.0,4511.0
VNM.25.21_1,HồChíMinh,9,ThànhPhố,Quận,114243941.83658263,175645.0,0.0,175645.0,1537.0
VNM.25.3_1,HồChíMinh,BìnhThạnh,ThànhPhố,Quận,20782403.42069514,183407.0,0.0,183407.0,8825.0
VNM.25.1_1,HồChíMinh,BìnhChánh,ThànhPhố,Huyện,252931400.55342704,7886.0,242870.0,250756.0,991.0
VNM.39.8_1,LongAn,MộcHóa,Tỉnh,Huyện,290841612.9869468,0.0,8656.0,8656.0,30.0
VNM.58.5_1,TiềnGiang,ChâuThành,Tỉnh,Huyện,233368416.10314798,1255.0,79874.0,81129.0,348.0
VNM.6.9_1,BếnTre,ThạnhPhú,Tỉnh,Huyện,410951892.03517413,2455.0,30036.0,32491.0,79.0
VNM.59.4_1,TràVinh,ChâuThành,Tỉnh,Huyện,385243761.4902203,1575.0,37969.0,39544.0,103.0
VNM.61.1_1,VĩnhLong,BìnhMinh,Tỉnh,ThịXã,93443293.86232701,10343.0,17392.0,27735.0,297.0
VNM.33.9_1,KiênGiang,KiênHải,Tỉnh,Huyện,25449895.664643362,0.0,5376.0,5376.0,211.0
VNM.12.4_1,CầnThơ,NinhKiều,ThànhPhố,Quận,29334082.636256367,123232.0,0.0,123232.0,4201.0
VNM.51.4_1,SócTrăng,LongPhú,Tỉnh,Huyện,264814569.29522127,5189.0,17259.0,22448.0,85.0
VNM.13.2_1,CàMau,CáiNước,Tỉnh,Huyện,416449194.7703703,4009.0,36283.0,40292.0,97.0
VNM.27.23_1,HàNội,SócSơn,ThànhPhố,Huyện,305154897.6519148,1226.0,104357.0,105583.0,346.0
VNM.44.1_1,PhúThọ,CẩmKhê,Tỉnh,Huyện,232738974.70808202,1647.0,38818.0,40465.0,174.0
VNM.41.21_1,NghệAn,YênThành,Tỉnh,Huyện,551472067.0749342,1193.0,98710.0,99903.0,181.0
VNM.48.3_1,QuảngNgãi,ĐứcPhổ,Tỉnh,Huyện,375751218.345039,1810.0,28737.0,30547.0,81.0
VNM.8.8_1,BìnhĐịnh,TâySơn,Tỉnh,Huyện,693260386.5013003,4339.0,23289.0,27628.0,40.0
VNM.32.2_1,KhánhHòa,CamRanh,Tỉnh,ThànhPhố,414573739.73279047,26882.0,12180.0,39062.0,94.0
VNM.37.2_1,LâmĐồng,BảoLâm,Tỉnh,Huyện,1464004443.5604243,6039.0,30976.0,37015.0,25.0
VNM.17.6_1,ĐồngNai,NhơnTrạch,Tỉnh,Huyện,376828125.087126,0.0,113394.0,113394.0,301.0
VNM.7.2_1,BàRịa-VũngTàu,ChâuĐức,Tỉnh,Huyện,424465583.4438603,4831.0,36020.0,40851.0,96.0
VNM.62.9_1,VĩnhPhúc,YênLạc,Tỉnh,Huyện,105899220.08518995,4202.0,39332.0,43534.0,411.0
VNM.63.9_1,YênBái,YênBình,Tỉnh,Huyện,773419610.425512,3569.0,29150.0,32719.0,42.0
VNM.62.1_1,VĩnhPhúc,BìnhXuyên,Tỉnh,Huyện,148509041.8054445,10971.0,29116.0,40087.0,270.0
VNM.57.2_1,ThanhHóa,BáThước,Tỉnh,Huyện,775523210.8325219,757.0,28530.0,29287.0,38.0
VNM.34.1_1,KonTum,ĐắkGlei,Tỉnh,Huyện,1492576215.7450223,2300.0,15445.0,17745.0,12.0
VNM.15.15_1,ĐắkLắk,BuônHồ,Tỉnh,ThịXã,283319821.6061315,17144.0,14927.0,32071.0,113.0
VNM.9.4_1,BìnhDương,DầuTiếng,Tỉnh,Huyện,721149869.8057079,5146.0,27788.0,32934.0,46.0
VNM.23.7_1,HảiPhòng,HảiAn,ThànhPhố,Quận,82499160.7798887,36787.0,0.0,36787.0,446.0
VNM.56.3_1,TháiNguyên,ĐồngHỷ,Tỉnh,Huyện,429629903.5048617,1763.0,26058.0,27821.0,65.0
VNM.6.7_1,BếnTre,MỏCàyBắc,Tỉnh,Huyện,166193977.51651528,0.0,26305.0,26305.0,158.0
VNM.18.6_1,ĐồngTháp,LấpVò,Tỉnh,Huyện,247627593.04476804,3011.0,47963.0,50974.0,206.0
VNM.38.9_1,LàoCai,VănBàn,Tỉnh,Huyện,1422128323.050878,1886.0,29083.0,30969.0,22.0
VNM.5.6_1,BắcNinh,ThuậnThành,Tỉnh,Huyện,117436889.767367,4066.0,47518.0,51584.0,439.0
VNM.46.3_1,QuảngBình,LệThủy,Tỉnh,Huyện,1399521152.2453878,2475.0,33752.0,36227.0,26.0
VNM.27.8_1,HàNội,ĐanPhượng,ThànhPhố,Huyện,78118329.929859,3049.0,49815.0,52864.0,677.0
VNM.14.3_1,CaoBằng,CaoBằng,Tỉnh,ThànhPhố,108222094.79488763,16462.0,3148.0,19610.0,181.0
VNM.49.13_1,QuảngNinh,UôngBí,Tỉnh,ThànhPhố,254927758.5447957,31908.0,2453.0,34361.0,135.0
VNM.55.3_1,TháiBình,KiếnXương,Tỉnh,Huyện,201791575.47727832,1856.0,50883.0,52739.0,261.0
VNM.42.8_1,NinhBình,YênMô,Tỉnh,Huyện,148834610.1724682,2300.0,32258.0,34558.0,232.0
VNM.45.8_1,PhúYên,TuyAn,Tỉnh,Huyện,408097305.744952,2486.0,31964.0,34450.0,84.0
VNM.25.2_1,HồChíMinh,BìnhTân,ThànhPhố,Quận,51913297.01102931,313567.0,0.0,313567.0,6040.0
VNM.58.3_1,TiềnGiang,CaiLậy,Tỉnh,Huyện,295148124.8058669,0.0,51270.0,51270.0,174.0
VNM.57.11_1,ThanhHóa,NgaSơn,Tỉnh,Huyện,151813376.21782118,1060.0,42687.0,43747.0,288.0
VNM.41.3_1,NghệAn,ConCuông,Tỉnh,Huyện,1743613113.4210858,1467.0,24131.0,25598.0,15.0
VNM.1.3_1,AnGiang,ChâuĐốc,Tỉnh,ThànhPhố,103471522.82808252,24289.0,3093.0,27382.0,265.0
VNM.17.2_1,ĐồngNai,CẩmMỹ,Tỉnh,Huyện,465888422.666906,0.0,44707.0,44707.0,96.0
VNM.58.4_1,TiềnGiang,ChợGạo,Tỉnh,Huyện,231335360.8421254,1781.0,47946.0,49727.0,215.0
VNM.41.10_1,NghệAn,NghiLộc,Tỉnh,Huyện,348580440.2615351,1820.0,69960.0,71780.0,206.0
VNM.16.2_1,ĐắkNông,ĐắkMil,Tỉnh,Huyện,681343853.6011331,3296.0,28804.0,32100.0,47.0
VNM.36.8_1,LaiChâu,ThanUyên,Tỉnh,Huyện,791088626.2986094,2190.0,21729.0,23919.0,30.0
VNM.25.9_1,HồChíMinh,PhúNhuận,ThànhPhố,Quận,4889675.214342304,51972.0,0.0,51972.0,10629.0
VNM.47.14_1,QuảngNam,QuếSơn,Tỉnh,Huyện,257990458.766649,1519.0,19616.0,21135.0,82.0
VNM.38.6_1,LàoCai,MườngKhương,Tỉnh,Huyện,553442615.2713643,3056.0,18562.0,21618.0,39.0
VNM.7.5_1,BàRịa-VũngTàu,PhúMỹ,Tỉnh,ThịXã,340428807.5145804,44477.0,19346.0,63823.0,187.0
VNM.27.3_1,HàNội,BaĐình,ThànhPhố,Quận,9287299.936862972,60903.0,0.0,60903.0,6558.0
VNM.27.7_1,HàNội,ĐốngĐa,ThànhPhố,Quận,10047879.337220855,124022.0,0.0,124022.0,12343.0
VNM.27.18_1,HàNội,MêLinh,ThànhPhố,Huyện,141770238.93038642,16622.0,63942.0,80564.0,568.0
VNM.27.11_1,HàNội,HàĐông,ThànhPhố,Quận,48809493.157354556,127752.0,0.0,127752.0,2617.0
VNM.27.13_1,HàNội,HoàiĐức,ThànhPhố,Huyện,85054864.96082015,1900.0,82064.0,83964.0,987.0
VNM.14.9_1,CaoBằng,QuảngUyên,Tỉnh,Huyện,384391926.01902306,1184.0,9906.0,11090.0,29.0
VNM.4.2_1,BắcKạn,BaBể,Tỉnh,Huyện,683626159.4312565,1153.0,13603.0,14756.0,22.0
VNM.4.5_1,BắcKạn,NaRì,Tỉnh,Huyện,853863352.1778007,956.0,9944.0,10900.0,13.0
VNM.63.7_1,YênBái,VănYên,Tỉnh,Huyện,1396558581.8767877,2555.0,39001.0,41556.0,30.0
VNM.49.10_1,QuảngNinh,MóngCái,Tỉnh,ThànhPhố,537571971.7376443,22673.0,14042.0,36715.0,68.0
VNM.49.4_1,QuảngNinh,CôTô,Tỉnh,Huyện,53258618.11056048,1056.0,1132.0,2188.0,41.0
VNM.3.10_1,BắcGiang,YênThế,Tỉnh,Huyện,306404264.7038245,1868.0,26066.0,27934.0,91.0
VNM.3.7_1,BắcGiang,TânYên,Tỉnh,Huyện,208124162.4197288,2228.0,47266.0,49494.0,238.0
VNM.3.8_1,BắcGiang,ViệtYên,Tỉnh,Huyện,171222641.96677884,5368.0,64648.0,70016.0,409.0
VNM.44.7_1,PhúThọ,TamNông,Tỉnh,Huyện,154021755.7540038,1055.0,24242.0,25297.0,164.0
VNM.44.10_1,PhúThọ,ThanhSơn,Tỉnh,Huyện,620621758.9239055,3499.0,36364.0,39863.0,64.0
VNM.62.7_1,VĩnhPhúc,VĩnhTường,Tỉnh,Huyện,141354025.38096634,7645.0,48957.0,56602.0,400.0
VNM.5.5_1,BắcNinh,TừSơn,Tỉnh,ThịXã,60621969.74208689,32305.0,27463.0,59768.0,986.0
VNM.5.3_1,BắcNinh,LươngTài,Tỉnh,Huyện,105439938.5877626,2679.0,24594.0,27273.0,259.0
VNM.22.12_1,HảiDương,ThanhMiện,Tỉnh,Huyện,124189512.83848457,2486.0,34745.0,37231.0,300.0
VNM.23.11_1,HảiPhòng,LêChân,ThànhPhố,Quận,11768424.04543799,60047.0,0.0,60047.0,5102.0
VNM.31.7_1,HưngYên,TiênLữ,Tỉnh,Huyện,78667574.05863236,1305.0,22791.0,24096.0,306.0
VNM.40.1_1,NamĐịnh,GiaoThủy,Tỉnh,Huyện,209847782.1810703,3571.0,35297.0,38868.0,185.0
VNM.57.1_1,ThanhHóa,BỉmSơn,Tỉnh,ThịXã,63649852.63604018,11701.0,2315.0,14016.0,220.0
VNM.57.14_1,ThanhHóa,NôngCống,Tỉnh,Huyện,284571401.22215235,3916.0,50685.0,54601.0,192.0
VNM.41.5_1,NghệAn,ĐôLương,Tỉnh,Huyện,353503600.1811539,3181.0,63600.0,66781.0,189.0
VNM.46.4_1,QuảngBình,MinhHóa,Tỉnh,Huyện,1382930788.2158003,1980.0,13536.0,15516.0,11.0
VNM.54.2_1,ThừaThiênHuế,Huế,Tỉnh,ThànhPhố,71197231.12745512,122233.0,0.0,122233.0,1717.0
VNM.54.1_1,ThừaThiênHuế,ALưới,Tỉnh,Huyện,1225368961.2879925,2270.0,14681.0,16951.0,14.0
VNM.19.4_1,ĐàNẵng,LiênChiểu,ThànhPhố,Quận,81904861.89398699,84019.0,0.0,84019.0,1026.0
VNM.19.2_1,ĐàNẵng,HảiChâu,ThànhPhố,Quận,22153641.782024484,72645.0,0.0,72645.0,3279.0
VNM.47.18_1,QuảngNam,TiênPhước,Tỉnh,Huyện,453687762.51125604,1973.0,16446.0,18419.0,41.0
VNM.48.11_1,QuảngNgãi,SơnTây,Tỉnh,Huyện,381527379.05017906,0.0,7674.0,7674.0,20.0
VNM.11.9_1,BìnhThuận,TánhLinh,Tỉnh,Huyện,1196193112.4995782,4759.0,22352.0,27111.0,23.0
VNM.21.17_1,GiaLai,Pleiku,Tỉnh,ThànhPhố,260838684.8708942,57328.0,23157.0,80485.0,309.0
VNM.10.9_1,BìnhPhước,LộcNinh,Tỉnh,Huyện,853070162.127693,2614.0,31440.0,34054.0,40.0
VNM.10.6_1,BìnhPhước,ĐồngPhú,Tỉnh,Huyện,937854849.0858,5925.0,25940.0,31865.0,34.0
VNM.53.6_1,TâyNinh,TânBiên,Tỉnh,Huyện,857264160.443712,4323.0,27236.0,31559.0,37.0
VNM.25.18_1,HồChíMinh,6,ThànhPhố,Quận,7141008.660315758,70996.0,0.0,70996.0,9942.0
VNM.39.7_1,LongAn,KiếnTường,Tỉnh,ThịXã,199230565.20917505,5083.0,7427.0,12510.0,63.0
VNM.39.13_1,LongAn,ThạnhHóa,Tỉnh,Huyện,470826984.540195,1903.0,15941.0,17844.0,38.0
VNM.39.14_1,LongAn,ThủThừa,Tỉnh,Huyện,298922864.4650525,3645.0,24564.0,28209.0,94.0
VNM.6.8_1,BếnTre,MỏCàyNam,Tỉnh,Huyện,231519122.1869061,2215.0,27427.0,29642.0,128.0
VNM.61.6_1,VĩnhLong,TràÔn,Tỉnh,Huyện,267381526.6941315,1941.0,25971.0,27912.0,104.0
VNM.18.8_1,ĐồngTháp,SaĐéc,Tỉnh,ThànhPhố,59439096.02375587,16082.0,12239.0,28321.0,476.0
VNM.33.6_1,KiênGiang,GòQuao,Tỉnh,Huyện,436771904.96679235,2854.0,37995.0,40849.0,94.0
VNM.24.3_1,HậuGiang,LongMỹ,Tỉnh,ThịXã,150813200.74958506,6966.0,8015.0,14981.0,99.0
VNM.51.9_1,SócTrăng,ThạnhTrị,Tỉnh,Huyện,287796960.14896256,5938.0,11770.0,17708.0,62.0
VNM.35.11_1,LạngSơn,VănQuan,Tỉnh,Huyện,548641768.8926603,1199.0,14361.0,15560.0,28.0
VNM.62.5_1,VĩnhPhúc,TamĐảo,Tỉnh,Huyện,234940296.51652262,216.0,27598.0,27814.0,118.0
VNM.40.6_1,NamĐịnh,NghĩaHưng,Tỉnh,Huyện,204579419.11369166,5501.0,40816.0,46317.0,226.0
VNM.9.1_1,BìnhDương,BắcTânUyên,Tỉnh,Huyện,399895881.8693433,1850.0,20033.0,21883.0,55.0
VNM.25.7_1,HồChíMinh,HócMôn,ThànhPhố,Huyện,109180103.88925262,5149.0,176704.0,181853.0,1666.0
VNM.12.7_1,CầnThơ,ThốtNốt,ThànhPhố,Quận,120084105.56587023,43839.0,0.0,43839.0,365.0
VNM.8.11_1,BìnhĐịnh,VĩnhThạnh,Tỉnh,Huyện,717068850.062167,1654.0,7525.0,9179.0,13.0
VNM.58.1_1,TiềnGiang,CáiBè,Tỉnh,Huyện,415457641.4297028,3702.0,76247.0,79949.0,192.0
VNM.61.4_1,VĩnhLong,MangThít,Tỉnh,Huyện,161945057.21176565,771.0,21860.0,22631.0,140.0
VNM.11.10_1,BìnhThuận,TuyPhong,Tỉnh,Huyện,772429382.3803593,21790.0,26510.0,48300.0,63.0
VNM.22.8_1,HảiDương,NamSách,Tỉnh,Huyện,110854013.7986214,2917.0,30695.0,33612.0,303.0
VNM.21.16_1,GiaLai,PhúThiện,Tỉnh,Huyện,503973556.9039395,7009.0,20481.0,27490.0,55.0
VNM.37.8_1,LâmĐồng,ĐamRông,Tỉnh,Huyện,864124394.6410263,0.0,19630.0,19630.0,23.0
VNM.15.7_1,ĐắkLắk,EaSúp,Tỉnh,Huyện,1764875452.185054,4177.0,18878.0,23055.0,13.0
VNM.26.10_1,HàGiang,XínMần,Tỉnh,Huyện,582946779.9716785,1833.0,20968.0,22801.0,39.0
VNM.30.1_1,HoàBình,CaoPhong,Tỉnh,Huyện,255210661.61658478,1615.0,12150.0,13765.0,54.0
VNM.57.21_1,ThanhHóa,ThanhHóa,Tỉnh,ThànhPhố,146631804.97063503,67422.0,33014.0,100436.0,685.0
VNM.43.3_1,NinhThuận,NinhPhước,Tỉnh,Huyện,342780210.8049309,7729.0,31807.0,39536.0,115.0
VNM.6.5_1,BếnTre,ChâuThành,Tỉnh,Huyện,224035070.12387085,1369.0,49512.0,50881.0,227.0
VNM.23.5_1,HảiPhòng,ĐồSơn,ThànhPhố,Quận,31862242.948727682,13372.0,0.0,13372.0,420.0
VNM.48.12_1,QuảngNgãi,TâyTrà,Tỉnh,Huyện,339036124.6103123,0.0,7810.0,7810.0,23.0
VNM.6.6_1,BếnTre,GiồngTrôm,Tỉnh,Huyện,312939384.7629163,2189.0,37613.0,39802.0,127.0
VNM.13.1_1,CàMau,CàMau,Tỉnh,ThànhPhố,248851643.40450215,44897.0,25736.0,70633.0,284.0
VNM.30.2_1,HoàBình,ĐàBắc,Tỉnh,Huyện,779354874.4958457,1431.0,15334.0,16765.0,22.0
VNM.57.9_1,ThanhHóa,MườngLát,Tỉnh,Huyện,806978367.5255004,1152.0,12911.0,14063.0,17.0
VNM.50.9_1,QuảngTrị,TriệuPhong,Tỉnh,Huyện,352921076.7370709,1159.0,20839.0,21998.0,62.0
VNM.15.14_1,ĐắkLắk,M'Đrắk,Tỉnh,Huyện,1244789607.2125306,1750.0,21890.0,23640.0,19.0
VNM.27.29_1,HàNội,ThanhXuân,ThànhPhố,Quận,9260342.741525996,99157.0,0.0,99157.0,10708.0
VNM.50.8_1,QuảngTrị,QuảngTrị,Tỉnh,ThịXã,74974702.02093738,4919.0,1051.0,5970.0,80.0
VNM.54.8_1,ThừaThiênHuế,PhúVang,Tỉnh,Huyện,278770289.1497975,10990.0,47774.0,58764.0,211.0
VNM.39.15_1,LongAn,VĩnhHưng,Tỉnh,Huyện,381828057.0690887,2913.0,12900.0,15813.0,41.0
VNM.26.8_1,HàGiang,QuangBình,Tỉnh,Huyện,792829504.5698601,2196.0,17365.0,19561.0,25.0
VNM.23.9_1,HảiPhòng,KiếnAn,ThànhPhố,Quận,29371312.6365727,36158.0,0.0,36158.0,1231.0
VNM.53.7_1,TâyNinh,TânChâu,Tỉnh,Huyện,1103728736.073959,2674.0,39097.0,41771.0,38.0
VNM.51.1_1,SócTrăng,ChâuThành,Tỉnh,Huyện,236529706.55897903,2519.0,23731.0,26250.0,111.0
VNM.33.3_1,KiênGiang,ChâuThành,Tỉnh,Huyện,284923270.7109882,7661.0,46582.0,54243.0,190.0
VNM.25.23_1,HồChíMinh,TânPhú,ThànhPhố,Quận,16005139.891474504,191660.0,0.0,191660.0,11975.0
VNM.63.2_1,YênBái,MùCăngChải,Tỉnh,Huyện,1197705482.4708285,922.0,21290.0,22212.0,19.0
VNM.51.3_1,SócTrăng,KếSách,Tỉnh,Huyện,351175867.5612976,5891.0,32140.0,38031.0,108.0
VNM.27.12_1,HàNội,HaiBàTrưng,ThànhPhố,Quận,9704761.365248585,93052.0,0.0,93052.0,9588.0
VNM.27.30_1,HàNội,ThườngTín,ThànhPhố,Huyện,130405024.2865292,2030.0,71657.0,73687.0,565.0
VNM.26.7_1,HàGiang,QuảnBạ,Tỉnh,Huyện,532472360.78008765,1902.0,15954.0,17856.0,34.0
VNM.26.9_1,HàGiang,VịXuyên,Tỉnh,Huyện,1501393657.6524417,3982.0,33484.0,37466.0,25.0
VNM.26.2_1,HàGiang,BắcQuang,Tỉnh,Huyện,1094479007.7278426,5376.0,31833.0,37209.0,34.0
VNM.20.6_1,ĐiệnBiên,MườngNhé,Tỉnh,Huyện,1555360905.942322,0.0,16148.0,16148.0,10.0
VNM.49.14_1,QuảngNinh,VânĐồn,Tỉnh,Huyện,551715546.774778,2674.0,11343.0,14017.0,25.0
VNM.62.2_1,VĩnhPhúc,LậpThạch,Tỉnh,Huyện,172449179.73695943,3678.0,34833.0,38511.0,223.0
VNM.22.5_1,HảiDương,HảiDương,Tỉnh,ThànhPhố,72813026.61555961,59921.0,7484.0,67405.0,926.0
VNM.31.10_1,HưngYên,YênMỹ,Tỉnh,Huyện,92145080.16739121,4296.0,45733.0,50029.0,543.0
VNM.57.16_1,ThanhHóa,QuanHóa,Tỉnh,Huyện,994133821.1422417,1101.0,15148.0,16249.0,16.0
VNM.57.22_1,ThanhHóa,ThiệuHóa,Tỉnh,Huyện,159337122.50340068,2209.0,44915.0,47124.0,296.0
VNM.41.14_1,NghệAn,QuỳHợp,Tỉnh,Huyện,942945676.1412154,3266.0,41053.0,44319.0,47.0
VNM.41.6_1,NghệAn,HoàngMai,Tỉnh,ThịXã,167830621.5085157,18319.0,18127.0,36446.0,217.0
VNM.29.6_1,HàTĩnh,HươngKhê,Tỉnh,Huyện,1258620703.721511,2558.0,21729.0,24287.0,19.0
VNM.47.15_1,QuảngNam,TamKỳ,Tỉnh,ThànhPhố,94306561.53748646,27647.0,9949.0,37596.0,399.0
VNM.47.17_1,QuảngNam,ThăngBình,Tỉnh,Huyện,411284461.6524685,4305.0,44649.0,48954.0,119.0
VNM.48.8_1,QuảngNgãi,QuảngNgãi,Tỉnh,ThànhPhố,156184763.59324124,34508.0,37088.0,71596.0,458.0
VNM.8.5_1,BìnhĐịnh,PhùCát,Tỉnh,Huyện,680796981.9807552,2785.0,47220.0,50005.0,73.0
VNM.45.9_1,PhúYên,TuyHoà,Tỉnh,ThànhPhố,111593307.51997872,34624.0,10290.0,44914.0,402.0
VNM.32.8_1,KhánhHòa,VạnNinh,Tỉnh,Huyện,558621502.7296177,6190.0,34618.0,40808.0,73.0
VNM.32.5_1,KhánhHòa,KhánhVĩnh,Tỉnh,Huyện,1166260237.889908,1430.0,12816.0,14246.0,12.0
VNM.11.2_1,BìnhThuận,ĐứcLinh,Tỉnh,Huyện,548178920.7665681,10271.0,25971.0,36242.0,66.0
VNM.21.11_1,GiaLai,IaPa,Tỉnh,Huyện,867159209.0384902,0.0,20759.0,20759.0,24.0
VNM.15.12_1,ĐắkLắk,KrôngPắc,Tỉnh,Huyện,626617862.4501294,4949.0,53276.0,58225.0,93.0
VNM.15.3_1,ĐắkLắk,CưKuin,Tỉnh,Huyện,288216624.5268956,0.0,32229.0,32229.0,112.0
VNM.16.8_1,ĐắkNông,TuyĐức,Tỉnh,Huyện,1121850805.009316,0.0,20445.0,20445.0,18.0
VNM.37.10_1,LâmĐồng,ĐơnDương,Tỉnh,Huyện,612341247.8523831,7900.0,26640.0,34540.0,56.0
VNM.10.3_1,BìnhPhước,BùĐăng,Tỉnh,Huyện,1494458298.685484,2742.0,41355.0,44097.0,30.0
VNM.9.7_1,BìnhDương,TânUyên,Tỉnh,ThịXã,191896031.23791462,114934.0,55069.0,170003.0,886.0
VNM.17.1_1,ĐồngNai,BiênHòa,Tỉnh,ThànhPhố,262526787.25411314,296565.0,78764.0,375329.0,1430.0
VNM.17.7_1,ĐồngNai,TânPhú,Tỉnh,Huyện,774501640.3423426,4948.0,38649.0,43597.0,56.0
VNM.39.2_1,LongAn,CầnĐước,Tỉnh,Huyện,221217744.20837563,3584.0,51441.0,55025.0,249.0
VNM.6.3_1,BếnTre,BìnhĐại,Tỉnh,Huyện,399931804.74783075,2579.0,33693.0,36272.0,91.0
VNM.61.2_1,VĩnhLong,BìnhTân,Tỉnh,Huyện,157955255.050514,0.0,26127.0,26127.0,165.0
VNM.18.2_1,ĐồngTháp,CaoLãnh,Tỉnh,Huyện,490200957.33275163,3972.0,52698.0,56670.0,116.0
VNM.18.11_1,ĐồngTháp,ThanhBình,Tỉnh,Huyện,345617756.8235673,2995.0,32250.0,35245.0,102.0
VNM.1.5_1,AnGiang,ChâuThành,Tỉnh,Huyện,355238453.40525407,6650.0,35991.0,42641.0,120.0
VNM.12.9_1,CầnThơ,VĩnhThạnh,ThànhPhố,Huyện,307658615.1501381,3863.0,22441.0,26304.0,85.0
VNM.24.7_1,HậuGiang,VịThanh,Tỉnh,ThànhPhố,118478985.41368495,12244.0,7988.0,20232.0,171.0
VNM.24.6_1,HậuGiang,PhụngHiệp,Tỉnh,Huyện,486360424.04308087,5510.0,45033.0,50543.0,104.0
VNM.51.5_1,SócTrăng,MỹTú,Tỉnh,Huyện,367285253.5401037,1644.0,19917.0,21561.0,59.0
VNM.51.6_1,SócTrăng,MỹXuyên,Tỉnh,Huyện,374043278.8881464,5514.0,40007.0,45521.0,122.0
VNM.2.6_1,BạcLiêu,PhướcLong,Tỉnh,Huyện,419763195.4373249,6802.0,34326.0,41128.0,98.0
VNM.2.3_1,BạcLiêu,GiáRai,Tỉnh,ThịXã,352424502.8227901,16835.0,31598.0,48433.0,137.0
VNM.49.1_1,QuảngNinh,BaChẽ,Tỉnh,Huyện,607655909.1325243,1186.0,6375.0,7561.0,12.0
VNM.34.7_1,KonTum,KonTum,Tỉnh,ThànhPhố,428493732.8975695,31828.0,22721.0,54549.0,127.0
VNM.25.15_1,HồChíMinh,3,ThànhPhố,Quận,4925028.543873978,55079.0,0.0,55079.0,11183.0
VNM.1.11_1,AnGiang,TriTôn,Tỉnh,Huyện,599181989.1752912,7183.0,24930.0,32113.0,54.0
VNM.16.6_1,ĐắkNông,GiaNghĩa,Tỉnh,ThịXã,282093918.93687767,13843.0,6707.0,20550.0,73.0
VNM.13.4_1,CàMau,NămCăn,Tỉnh,Huyện,469381558.84255767,4805.0,11588.0,16393.0,35.0
VNM.2.2_1,BạcLiêu,ĐôngHải,Tỉnh,Huyện,523360511.4348884,4258.0,46533.0,50791.0,97.0
VNM.42.6_1,NinhBình,TamĐiệp,Tỉnh,ThànhPhố,104613316.92981914,10873.0,5257.0,16130.0,154.0
VNM.52.4_1,SơnLa,MườngLa,Tỉnh,Huyện,1424655169.9663808,3815.0,30334.0,34149.0,24.0
VNM.57.19_1,ThanhHóa,ThạchThành,Tỉnh,Huyện,559030937.0448283,1721.0,42227.0,43948.0,79.0
VNM.47.1_1,QuảngNam,BắcTràMy,Tỉnh,Huyện,845957736.7253697,2202.0,11383.0,13585.0,16.0
VNM.32.7_1,KhánhHòa,NinhHòa,Tỉnh,ThịXã,1202217160.9219084,21570.0,45552.0,67122.0,56.0
VNM.15.1_1,ĐắkLắk,BuônĐôn,Tỉnh,Huyện,1405014030.387544,0.0,21478.0,21478.0,15.0
VNM.15.9_1,ĐắkLắk,KrôngBông,Tỉnh,Huyện,1257144652.57775,1923.0,27879.0,29802.0,24.0
VNM.15.8_1,ĐắkLắk,KrôngANa,Tỉnh,Huyện,355894401.0137127,6666.0,17759.0,24425.0,69.0
VNM.26.11_1,HàGiang,YênMinh,Tỉnh,Huyện,784917938.1975218,2759.0,30420.0,33179.0,42.0
VNM.23.1_1,HảiPhòng,AnDương,ThànhPhố,Huyện,103832991.94746493,2245.0,54468.0,56713.0,546.0
VNM.40.9_1,NamĐịnh,XuânTrường,Tỉnh,Huyện,115997425.81225277,2240.0,33673.0,35913.0,310.0
VNM.42.5_1,NinhBình,NinhBình,Tỉnh,ThànhPhố,46806234.09544495,26655.0,6044.0,32699.0,699.0
VNM.39.11_1,LongAn,TânThạnh,Tỉnh,Huyện,427020777.9374007,1819.0,21734.0,23553.0,55.0
VNM.20.3_1,ĐiệnBiên,ĐiệnBiên,Tỉnh,Huyện,1623561435.1915843,0.0,38708.0,38708.0,24.0
VNM.44.5_1,PhúThọ,PhùNinh,Tỉnh,Huyện,157105030.26793924,3916.0,27237.0,31153.0,198.0
VNM.21.9_1,GiaLai,ĐăkPơ,Tỉnh,Huyện,503040933.6295992,1459.0,10935.0,12394.0,25.0
VNM.27.24_1,HàNội,SơnTây,ThànhPhố,ThịXã,117568306.46301696,18902.0,18672.0,37574.0,320.0
VNM.19.7_1,ĐàNẵng,ThanhKhê,ThànhPhố,Quận,9424481.818133723,62544.0,0.0,62544.0,6636.0
VNM.48.5_1,QuảngNgãi,MộĐức,Tỉnh,Huyện,215083562.44711438,1417.0,27454.0,28871.0,134.0
VNM.4.7_1,BắcKạn,PácNặm,Tỉnh,Huyện,477153415.20284855,0.0,11868.0,11868.0,25.0
VNM.23.4_1,HảiPhòng,CátHải,ThànhPhố,Huyện,198715169.82297385,4852.0,3928.0,8780.0,44.0
VNM.57.3_1,ThanhHóa,CẩmThủy,Tỉnh,Huyện,425201006.6161443,1394.0,31249.0,32643.0,77.0
VNM.47.6_1,QuảngNam,HộiAn,Tỉnh,ThànhPhố,64106700.6414391,21716.0,7668.0,29384.0,458.0
VNM.45.1_1,PhúYên,ĐồngXuân,Tỉnh,Huyện,1037610701.1015183,2004.0,13175.0,15179.0,15.0
VNM.9.8_1,BìnhDương,ThủDầuMột,Tỉnh,ThànhPhố,118574378.91789809,128231.0,0.0,128231.0,1081.0
VNM.58.2_1,TiềnGiang,CaiLậy,Tỉnh,ThịXã,139534645.11435866,8200.0,23261.0,31461.0,225.0
VNM.12.8_1,CầnThơ,ThớiLai,ThànhPhố,Huyện,268803658.9855741,2526.0,27188.0,29714.0,111.0
VNM.2.7_1,BạcLiêu,VĩnhLợi,Tỉnh,Huyện,252112598.99919823,4420.0,26826.0,31246.0,124.0
VNM.34.9_1,KonTum,SaThầy,Tỉnh,Huyện,1231237889.04997,3617.0,12980.0,16597.0,13.0
VNM.60.2_1,TuyênQuang,HàmYên,Tỉnh,Huyện,901278523.5534185,2677.0,34399.0,37076.0,41.0
VNM.27.10_1,HàNội,GiaLâm,ThànhPhố,Huyện,117317740.51600537,21916.0,69159.0,91075.0,776.0
VNM.11.3_1,BìnhThuận,HàmTân,Tỉnh,Huyện,742476380.4136661,5709.0,15464.0,21173.0,29.0
VNM.25.5_1,HồChíMinh,CủChi,ThànhPhố,Huyện,434738712.4926598,8241.0,146330.0,154571.0,356.0
VNM.14.1_1,CaoBằng,BảoLạc,Tỉnh,Huyện,917800704.5095415,1315.0,17781.0,19096.0,21.0
VNM.40.10_1,NamĐịnh,ýYên,Tỉnh,Huyện,245827501.8954543,2798.0,54127.0,56925.0,232.0
VNM.27.19_1,HàNội,NamTừLiêm,ThànhPhố,Quận,32781419.287832305,104033.0,0.0,104033.0,3174.0
VNM.14.5_1,CaoBằng,HàQuảng,Tỉnh,Huyện,451884207.20719576,1268.0,9608.0,10876.0,24.0
VNM.14.7_1,CaoBằng,NguyênBình,Tỉnh,Huyện,838671820.9266963,1694.0,11488.0,13182.0,16.0
VNM.4.8_1,BắcKạn,BắcKạn,Tỉnh,ThànhPhố,137259455.33894747,10443.0,1911.0,12354.0,90.0
VNM.4.1_1,BắcKạn,BạchThông,Tỉnh,Huyện,546783777.1082333,569.0,8002.0,8571.0,16.0
VNM.38.2_1,LàoCai,BảoYên,Tỉnh,Huyện,826126491.2169998,2362.0,26630.0,28992.0,35.0
VNM.20.2_1,ĐiệnBiên,ĐiệnBiênPhủ,Tỉnh,ThànhPhố,63946590.980291,15800.0,1054.0,16854.0,264.0
VNM.63.3_1,YênBái,NghĩaLộ,Tỉnh,ThịXã,30486914.408920996,6254.0,3252.0,9506.0,312.0
VNM.30.10_1,HoàBình,TânLạc,Tỉnh,Huyện,533056199.62322575,1167.0,24985.0,26152.0,49.0
VNM.30.9_1,HoàBình,MaiChâu,Tỉnh,Huyện,560287621.9708998,1445.0,14615.0,16060.0,29.0
VNM.30.7_1,HoàBình,LạcThủy,Tỉnh,Huyện,311380335.649507,2015.0,14413.0,16428.0,53.0
VNM.56.6_1,TháiNguyên,PhúLương,Tỉnh,Huyện,353233107.5856286,3211.0,26239.0,29450.0,83.0
VNM.56.1_1,TháiNguyên,ĐạiTừ,Tỉnh,Huyện,566404303.2862928,5075.0,42751.0,47826.0,84.0
VNM.49.8_1,QuảngNinh,HảiHà,Tỉnh,Huyện,459260155.4922593,1910.0,18600.0,20510.0,45.0
VNM.3.2_1,BắcGiang,HiệpHòa,Tỉnh,Huyện,206374945.06685746,1355.0,69280.0,70635.0,342.0
VNM.44.13_1,PhúThọ,YênLập,Tỉnh,Huyện,438109467.79397714,2094.0,26320.0,28414.0,65.0
VNM.22.7_1,HảiDương,KinhMôn,Tỉnh,Huyện,166007662.5672609,8502.0,38630.0,47132.0,284.0
VNM.23.3_1,HảiPhòng,BạchLongVĩ,ThànhPhố,Huyện,15369096.670465421,0.0,200.0,200.0,13.0
VNM.55.2_1,TháiBình,HưngHà,Tỉnh,Huyện,213967746.44423866,5518.0,59941.0,65459.0,306.0
VNM.28.5_1,HàNam,PhủLý,Tỉnh,ThànhPhố,87448071.60932846,27795.0,18487.0,46282.0,529.0
VNM.40.2_1,NamĐịnh,HảiHậu,Tỉnh,Huyện,228017617.08661762,5833.0,60306.0,66139.0,290.0
VNM.57.23_1,ThanhHóa,ThườngXuân,Tỉnh,Huyện,1108175098.5515952,1406.0,26752.0,28158.0,25.0
VNM.57.24_1,ThanhHóa,TĩnhGia,Tỉnh,Huyện,454005796.0838995,1392.0,74942.0,76334.0,168.0
VNM.29.2_1,HàTĩnh,CanLộc,Tỉnh,Huyện,300754680.49817693,4798.0,29414.0,34212.0,114.0
VNM.47.11_1,QuảngNam,NúiThành,Tỉnh,Huyện,554800951.53942,3488.0,38229.0,41717.0,75.0
VNM.48.4_1,QuảngNgãi,LýSơn,Tỉnh,Huyện,9426837.828035412,0.0,5129.0,5129.0,544.0
VNM.8.9_1,BìnhĐịnh,TuyPhước,Tỉnh,Huyện,219741154.00241813,7171.0,42616.0,49787.0,227.0
VNM.43.5_1,NinhThuận,PhanRang-ThápChàm,Tỉnh,ThànhPhố,78501243.76757933,45651.0,2808.0,48459.0,617.0
VNM.21.8_1,GiaLai,ĐăkĐoa,Tỉnh,Huyện,985653792.1537589,5033.0,35646.0,40679.0,41.0
VNM.21.15_1,GiaLai,MangYang,Tỉnh,Huyện,1126500087.9049788,3136.0,19898.0,23034.0,20.0
VNM.53.4_1,TâyNinh,GòDầu,Tỉnh,Huyện,260025774.69791764,6655.0,42088.0,48743.0,187.0
VNM.7.4_1,BàRịa-VũngTàu,LongĐiền,Tỉnh,Huyện,80689347.76226158,18883.0,25344.0,44227.0,548.0
VNM.7.3_1,BàRịa-VũngTàu,ĐấtĐỏ,Tỉnh,Huyện,187414557.7901981,12764.0,9387.0,22151.0,118.0
VNM.25.24_1,HồChíMinh,ThủĐức,ThànhPhố,Quận,47751011.46249402,263675.0,0.0,263675.0,5522.0
VNM.25.14_1,HồChíMinh,2,ThànhPhố,Quận,49933074.785628475,61927.0,0.0,61927.0,1240.0
VNM.39.6_1,LongAn,ĐứcHuệ,Tỉnh,Huyện,428115891.65938693,1563.0,18102.0,19665.0,46.0
VNM.39.5_1,LongAn,ĐứcHòa,Tỉnh,Huyện,425415051.996834,10463.0,101435.0,111898.0,263.0
VNM.39.4_1,LongAn,ChâuThành,Tỉnh,Huyện,155230954.74913415,1781.0,27297.0,29078.0,187.0
VNM.58.9_1,TiềnGiang,MỹTho,Tỉnh,ThànhPhố,82614144.54882471,34647.0,30529.0,65176.0,789.0
VNM.59.6_1,TràVinh,DuyênHải,Tỉnh,Huyện,258850716.6474035,1590.0,21323.0,22913.0,89.0
VNM.61.3_1,VĩnhLong,LongHồ,Tỉnh,Huyện,197681669.0168839,1746.0,45375.0,47121.0,238.0
VNM.1.2_1,AnGiang,ChợMới,Tỉnh,Huyện,368781133.4323163,6136.0,71224.0,77360.0,210.0
VNM.1.10_1,AnGiang,ThoạiSơn,Tỉnh,Huyện,469197998.86524975,11214.0,35117.0,46331.0,99.0
VNM.33.12_1,KiênGiang,RạchGiá,Tỉnh,ThànhPhố,102752345.37087351,66005.0,5729.0,71734.0,698.0
VNM.12.6_1,CầnThơ,PhongĐiền,ThànhPhố,Huyện,125550223.25691235,2906.0,23585.0,26491.0,211.0
VNM.2.5_1,BạcLiêu,HoàBình,Tỉnh,Huyện,339590220.59781665,7291.0,32113.0,39404.0,116.0
VNM.13.5_1,CàMau,NgọcHiển,Tỉnh,Huyện,679501817.5405,3820.0,16445.0,20265.0,30.0
VNM.56.7_1,TháiNguyên,SôngCông,Tỉnh,ThànhPhố,97482012.79987818,13344.0,6666.0,20010.0,205.0
VNM.25.17_1,HồChíMinh,5,ThànhPhố,Quận,4275959.21976808,51507.0,0.0,51507.0,12046.0
VNM.54.4_1,ThừaThiênHuế,HươngTrà,Tỉnh,ThịXã,519742207.52869296,16856.0,17806.0,34662.0,67.0
VNM.52.12_1,SơnLa,YênChâu,Tỉnh,Huyện,854053795.4584274,1142.0,23942.0,25084.0,29.0
VNM.27.20_1,HàNội,PhúXuyên,ThànhPhố,Huyện,172898184.36274633,4369.0,56070.0,60439.0,350.0
VNM.4.3_1,BắcKạn,ChợĐồn,Tỉnh,Huyện,911875852.3728217,1779.0,11584.0,13363.0,15.0
VNM.38.1_1,LàoCai,BảoThắng,Tỉnh,Huyện,680787916.754909,6900.0,28897.0,35797.0,53.0
VNM.57.25_1,ThanhHóa,TriệuSơn,Tỉnh,Huyện,289418541.58377445,1733.0,55845.0,57578.0,199.0
VNM.41.17_1,NghệAn,TháiHoà,Tỉnh,ThịXã,134678967.57308528,7213.0,9758.0,16971.0,126.0
VNM.38.3_1,LàoCai,BắcHà,Tỉnh,Huyện,685603188.0213046,1626.0,21050.0,22676.0,33.0
VNM.30.3_1,HoàBình,HòaBình,Tỉnh,ThànhPhố,144430242.14032176,19217.0,7311.0,26528.0,184.0
VNM.45.3_1,PhúYên,PhúHoà,Tỉnh,Huyện,254534562.58009925,2482.0,24896.0,27378.0,108.0
VNM.16.7_1,ĐắkNông,KrôngNô,Tỉnh,Huyện,816371786.68019,2314.0,21632.0,23946.0,29.0
VNM.59.9_1,TràVinh,TràVinh,Tỉnh,ThànhPhố,66765880.2028906,30988.0,8377.0,39365.0,590.0
VNM.27.27_1,HàNội,ThanhOai,ThànhPhố,Huyện,124614765.32164711,1893.0,61874.0,63767.0,512.0
VNM.20.7_1,ĐiệnBiên,NậmPồ,Tỉnh,Huyện,1492816828.9559257,0.0,19381.0,19381.0,13.0
VNM.6.4_1,BếnTre,ChợLách,Tỉnh,Huyện,168474823.17337838,1796.0,23939.0,25735.0,153.0
VNM.59.1_1,TràVinh,CầuKè,Tỉnh,Huyện,247137724.11729494,1363.0,22129.0,23492.0,95.0
VNM.47.10_1,QuảngNam,NôngSơn,Tỉnh,Huyện,471278198.97598577,0.0,7269.0,7269.0,15.0
VNM.30.8_1,HoàBình,LươngSơn,Tỉnh,Huyện,362942108.3661622,3845.0,25684.0,29529.0,81.0
VNM.47.4_1,QuảngNam,ĐôngGiang,Tỉnh,Huyện,822257385.1093869,1549.0,6995.0,8544.0,10.0
VNM.42.3_1,NinhBình,KimSơn,Tỉnh,Huyện,169740031.35085377,3817.0,54718.0,58535.0,345.0
VNM.3.4_1,BắcGiang,LụcNam,Tỉnh,Huyện,609292774.1362852,3786.0,68600.0,72386.0,119.0
VNM.29.9_1,HàTĩnh,KỳAnh,Tỉnh,Huyện,758458142.163384,0.0,36883.0,36883.0,49.0
VNM.15.6_1,ĐắkLắk,EaKar,Tỉnh,Huyện,1036109197.3546382,6953.0,37291.0,44244.0,43.0
VNM.58.7_1,TiềnGiang,GòCôngTây,Tỉnh,Huyện,184639611.18427363,2416.0,29480.0,31896.0,173.0
VNM.6.2_1,BếnTre,BaTri,Tỉnh,Huyện,352585558.3125893,2495.0,46614.0,49109.0,139.0
VNM.12.3_1,CầnThơ,CáiRăng,ThànhPhố,Quận,67750901.36658178,34589.0,0.0,34589.0,511.0
VNM.32.3_1,KhánhHòa,DiênKhánh,Tỉnh,Huyện,343493844.7107392,5904.0,37348.0,43252.0,126.0
VNM.54.5_1,ThừaThiênHuế,NamĐông,Tỉnh,Huyện,647193848.8978815,911.0,6613.0,7524.0,12.0
VNM.57.8_1,ThanhHóa,LangChánh,Tỉnh,Huyện,583676330.7480378,1326.0,15045.0,16371.0,28.0
,KhánhHòa,TrườngSa,Tỉnh,Huyện,,11.0,33.0,44.0,
,BàRịa-VũngTàu,CônĐảo,Tỉnh,Huyện,,0.0,3037.0,3037.0,
VNM.27.14_1,HàNội,HoànKiếm,ThànhPhố,Quận,5170808.613223874,38227.0,0.0,38227.0,7393.0
VNM.27.25_1,HàNội,TâyHồ,ThànhPhố,Quận,26972541.296901092,45277.0,0.0,45277.0,1679.0
VNM.27.28_1,HàNội,ThanhTrì,ThànhPhố,Huyện,63335872.61378285,4595.0,81207.0,85802.0,1355.0
VNM.27.2_1,HàNội,BắcTừLiêm,ThànhPhố,Quận,42523814.693651035,141407.0,0.0,141407.0,3325.0
VNM.27.22_1,HàNội,QuốcOai,ThànhPhố,Huyện,150966493.73310608,4286.0,54993.0,59279.0,393.0
VNM.26.4_1,HàGiang,HàGiang,Tỉnh,ThànhPhố,134794554.6430061,12030.0,3900.0,15930.0,118.0
VNM.26.6_1,HàGiang,MèoVạc,Tỉnh,Huyện,561587153.0564052,2274.0,25914.0,28188.0,50.0
VNM.4.6_1,BắcKạn,NgânSơn,Tỉnh,Huyện,645859343.5424881,1796.0,7357.0,9153.0,14.0
VNM.60.7_1,TuyênQuang,YênSơn,Tỉnh,Huyện,1132776201.2045646,932.0,50804.0,51736.0,46.0
VNM.60.5_1,TuyênQuang,SơnDương,Tỉnh,Huyện,787070841.7727791,3421.0,48007.0,51428.0,65.0
VNM.20.9_1,ĐiệnBiên,MườngLay,Tỉnh,ThịXã,115986268.88033582,1618.0,1460.0,3078.0,27.0
VNM.63.4_1,YênBái,TrạmTấu,Tỉnh,Huyện,743261882.0377444,864.0,10794.0,11658.0,16.0
VNM.35.6_1,LạngSơn,HữuLũng,Tỉnh,Huyện,807742044.6944888,2418.0,32636.0,35054.0,43.0
VNM.49.7_1,QuảngNinh,HạLong,Tỉnh,ThànhPhố,209501716.10114017,72948.0,0.0,72948.0,348.0
VNM.49.12_1,QuảngNinh,TiênYên,Tỉnh,Huyện,652856836.1785438,1886.0,15060.0,16946.0,26.0
VNM.49.6_1,QuảngNinh,ĐôngTriều,Tỉnh,ThịXã,395899146.9781299,18887.0,28587.0,47474.0,120.0
VNM.3.9_1,BắcGiang,YênDũng,Tỉnh,Huyện,191919561.42521936,4258.0,41242.0,45500.0,237.0
VNM.44.3_1,PhúThọ,HạHoà,Tỉnh,Huyện,342702162.2289531,1893.0,23508.0,25401.0,74.0
VNM.5.1_1,BắcNinh,BắcNinh,Tỉnh,ThànhPhố,82559312.71400948,71771.0,25012.0,96783.0,1172.0
VNM.22.6_1,HảiDương,KimThành,Tỉnh,Huyện,114751668.9367155,1694.0,36708.0,38402.0,335.0
VNM.28.3_1,HàNam,KimBảng,Tỉnh,Huyện,176547207.5195842,2746.0,32660.0,35406.0,201.0
VNM.40.5_1,NamĐịnh,NamTrực,Tỉnh,Huyện,164756620.7758552,5270.0,42345.0,47615.0,289.0
VNM.41.12_1,NghệAn,QuếPhong,Tỉnh,Huyện,1883742830.1347542,892.0,24121.0,25013.0,13.0
VNM.41.4_1,NghệAn,DiễnChâu,Tỉnh,Huyện,303204187.8755633,2009.0,94522.0,96531.0,318.0
VNM.29.4_1,HàTĩnh,HồngLĩnh,Tỉnh,ThịXã,60155834.01596489,8334.0,1021.0,9355.0,156.0
VNM.50.6_1,QuảngTrị,HảiLăng,Tỉnh,Huyện,423782297.7983941,744.0,17493.0,18237.0,43.0
VNM.47.3_1,QuảngNam,ĐiệnBàn,Tỉnh,ThịXã,217245346.93284467,31515.0,37976.0,69491.0,320.0
VNM.47.9_1,QuảngNam,NamTràMy,Tỉnh,Huyện,827733175.5306371,0.0,11605.0,11605.0,14.0
VNM.48.13_1,QuảngNgãi,TràBồng,Tỉnh,Huyện,422731142.46151763,1865.0,8346.0,10211.0,24.0
VNM.8.3_1,BìnhĐịnh,HoàiÂn,Tỉnh,Huyện,750065012.675124,1812.0,21025.0,22837.0,30.0
VNM.34.4_1,KonTum,IaH'Drai,Tỉnh,Huyện,1161013482.4299345,0.0,4589.0,4589.0,4.0
VNM.21.13_1,GiaLai,KôngChro,Tỉnh,Huyện,1443621329.763924,3315.0,14471.0,17786.0,12.0
VNM.21.7_1,GiaLai,ĐứcCơ,Tỉnh,Huyện,718533161.8029335,3721.0,20916.0,24637.0,34.0
VNM.21.6_1,GiaLai,ChưSê,Tỉnh,Huyện,643742028.9499131,8702.0,31169.0,39871.0,62.0
VNM.15.11_1,ĐắkLắk,KrôngNăng,Tỉnh,Huyện,609286814.3743744,3720.0,37221.0,40941.0,67.0
VNM.10.7_1,BìnhPhước,ĐồngXoài,Tỉnh,ThịXã,167497403.2854104,27518.0,9768.0,37286.0,223.0
VNM.10.10_1,BìnhPhước,PhúRiềng,Tỉnh,Huyện,667330752.115943,0.0,28438.0,28438.0,43.0
VNM.53.3_1,TâyNinh,DươngMinhChâu,Tỉnh,Huyện,434281042.38915753,1736.0,35368.0,37104.0,85.0
VNM.53.1_1,TâyNinh,BếnCầu,Tỉnh,Huyện,237086118.55653816,2799.0,19630.0,22429.0,95.0
VNM.17.4_1,ĐồngNai,LongKhánh,Tỉnh,ThịXã,191614966.47586957,17339.0,30439.0,47778.0,249.0
VNM.17.5_1,ĐồngNai,LongThành,Tỉnh,Huyện,430323311.6939285,9054.0,76885.0,85939.0,200.0
VNM.17.11_1,ĐồngNai,XuânLộc,Tỉnh,Huyện,723072758.7258708,5301.0,67713.0,73014.0,101.0
VNM.25.22_1,HồChíMinh,TânBình,ThànhPhố,Quận,22434957.91684297,195400.0,0.0,195400.0,8710.0
VNM.25.8_1,HồChíMinh,NhàBè,ThànhPhố,Huyện,100481352.99720415,14351.0,62281.0,76632.0,763.0
VNM.58.11_1,TiềnGiang,TânPhước,Tỉnh,Huyện,334045287.9174466,872.0,19072.0,19944.0,60.0
VNM.61.8_1,VĩnhLong,VũngLiêm,Tỉnh,Huyện,308801824.9755479,1657.0,28999.0,30656.0,99.0
VNM.33.11_1,KiênGiang,PhúQuốc,Tỉnh,Huyện,581220280.8820788,29089.0,28396.0,57485.0,99.0
VNM.24.4_1,HậuGiang,LongMỹ,Tỉnh,Huyện,261100639.2009785,0.0,20865.0,20865.0,80.0
VNM.13.3_1,CàMau,ĐầmDơi,Tỉnh,Huyện,816105241.8584771,3248.0,50702.0,53950.0,66.0
VNM.36.2_1,LaiChâu,MườngTè,Tỉnh,Huyện,2677276688.002032,2114.0,14053.0,16167.0,6.0
VNM.23.12_1,HảiPhòng,NgôQuyền,ThànhPhố,Quận,10975820.50408959,45017.0,0.0,45017.0,4101.0
VNM.33.8_1,KiênGiang,HònĐất,Tỉnh,Huyện,1035964203.8415681,8523.0,39656.0,48179.0,47.0
VNM.27.9_1,HàNội,ĐôngAnh,ThànhPhố,Huyện,185794347.2234685,6168.0,124755.0,130923.0,705.0
VNM.63.5_1,YênBái,TrấnYên,Tỉnh,Huyện,628042811.5959574,1294.0,23258.0,24552.0,39.0
VNM.38.8_1,LàoCai,SiMaCai,Tỉnh,Huyện,231886461.33695313,0.0,13820.0,13820.0,60.0
VNM.39.1_1,LongAn,BếnLức,Tỉnh,Huyện,287635321.623783,9508.0,49197.0,58705.0,204.0
VNM.45.6_1,PhúYên,SôngHinh,Tỉnh,Huyện,895156038.5952642,3351.0,13440.0,16791.0,19.0
VNM.3.6_1,BắcGiang,SơnĐộng,Tỉnh,Huyện,860629799.9070109,2886.0,20196.0,23082.0,27.0
VNM.50.4_1,QuảngTrị,ĐôngHà,Tỉnh,ThànhPhố,72906678.10746543,26611.0,0.0,26611.0,365.0
VNM.14.4_1,CaoBằng,HạLang,Tỉnh,Huyện,458701443.7323152,1055.0,7218.0,8273.0,18.0
VNM.29.12_1,HàTĩnh,ThạchHà,Tỉnh,Huyện,352721982.14037347,2719.0,35992.0,38711.0,110.0
VNM.43.4_1,NinhThuận,NinhSơn,Tỉnh,Huyện,773396241.2133693,3089.0,18236.0,21325.0,28.0
VNM.10.5_1,BìnhPhước,ChơnThành,Tỉnh,Huyện,385665282.2977602,5987.0,26084.0,32071.0,83.0
VNM.20.1_1,ĐiệnBiên,ĐiệnBiênĐông,Tỉnh,Huyện,1198856611.1606011,1457.0,23723.0,25180.0,21.0
VNM.36.3_1,LaiChâu,NậmNhùn,Tỉnh,Huyện,1394738752.0210721,1178.0,8087.0,9265.0,7.0
VNM.23.13_1,HảiPhòng,ThuỷNguyên,ThànhPhố,Huyện,261637920.73195785,4605.0,96241.0,100846.0,385.0
VNM.56.9_1,TháiNguyên,VõNhai,Tỉnh,Huyện,839537297.3532004,925.0,18754.0,19679.0,23.0
VNM.60.3_1,TuyênQuang,LâmBình,Tỉnh,Huyện,785814373.8947026,0.0,9354.0,9354.0,12.0
VNM.22.11_1,HảiDương,ThanhHà,Tỉnh,Huyện,159513596.91873047,2038.0,41524.0,43562.0,273.0
VNM.35.10_1,LạngSơn,VănLãng,Tỉnh,Huyện,564790476.4576627,1031.0,14248.0,15279.0,27.0
VNM.42.4_1,NinhBình,NhoQuan,Tỉnh,Huyện,451450619.10147333,2315.0,38325.0,40640.0,90.0
VNM.41.13_1,NghệAn,QuỳChâu,Tỉnh,Huyện,1057943007.7772852,1316.0,17300.0,18616.0,18.0
VNM.48.14_1,QuảngNgãi,TưNghĩa,Tỉnh,Huyện,208100765.59831345,4718.0,31657.0,36375.0,175.0
VNM.1.7_1,AnGiang,PhúTân,Tỉnh,Huyện,312199586.9558942,7698.0,39886.0,47584.0,152.0
VNM.18.4_1,ĐồngTháp,HồngNgự,Tỉnh,ThịXã,122300805.1759052,12385.0,9583.0,21968.0,180.0
VNM.29.7_1,HàTĩnh,HươngSơn,Tỉnh,Huyện,1096185676.9701102,3099.0,22100.0,25199.0,23.0
VNM.8.2_1,BìnhĐịnh,AnNhơn,Tỉnh,ThịXã,244870926.78500682,19881.0,25712.0,45593.0,186.0
VNM.35.9_1,LạngSơn,TràngĐịnh,Tỉnh,Huyện,1016494711.6841037,1185.0,16331.0,17516.0,17.0
VNM.62.3_1,VĩnhPhúc,PhúcYên,Tỉnh,ThànhPhố,118155739.54864171,26714.0,7447.0,34161.0,289.0
VNM.43.1_1,NinhThuận,Bácái,Tỉnh,Huyện,1029680000.8286877,0.0,11076.0,11076.0,11.0
VNM.27.17_1,HàNội,MỹĐức,ThànhPhố,Huyện,225382110.898824,2399.0,60266.0,62665.0,278.0
VNM.26.5_1,HàGiang,HoàngSuPhì,Tỉnh,Huyện,633823823.8259913,1642.0,20609.0,22251.0,35.0
VNM.60.1_1,TuyênQuang,ChiêmHóa,Tỉnh,Huyện,1275370420.6957788,2021.0,32016.0,34037.0,27.0
VNM.38.5_1,LàoCai,LàoCai,Tỉnh,ThànhPhố,226426264.9312622,28674.0,9302.0,37976.0,168.0
VNM.36.5_1,LaiChâu,SìnHồ,Tỉnh,Huyện,1519866071.2108939,1617.0,27161.0,28778.0,19.0
VNM.52.6_1,SơnLa,QuỳnhNhai,Tỉnh,Huyện,1057650076.893415,0.0,21728.0,21728.0,21.0
VNM.52.9_1,SơnLa,SôngMã,Tỉnh,Huyện,1643875183.6921499,1934.0,52934.0,54868.0,33.0
VNM.63.6_1,YênBái,VănChấn,Tỉnh,Huyện,1201430238.9631994,3742.0,45277.0,49019.0,41.0
VNM.56.4_1,TháiNguyên,PhổYên,Tỉnh,ThịXã,259292476.0822938,34728.0,44278.0,79006.0,305.0
VNM.56.5_1,TháiNguyên,PhúBình,Tỉnh,Huyện,240902396.62902445,2505.0,44940.0,47445.0,197.0
VNM.35.1_1,LạngSơn,BắcSơn,Tỉnh,Huyện,699771979.3309554,1277.0,21787.0,23064.0,33.0
VNM.49.5_1,QuảngNinh,ĐầmHà,Tỉnh,Huyện,284956727.0711129,2317.0,11815.0,14132.0,50.0
VNM.44.2_1,PhúThọ,ĐoanHùng,Tỉnh,Huyện,302969638.709851,1704.0,29043.0,30747.0,101.0
VNM.5.4_1,BắcNinh,QuếVõ,Tỉnh,Huyện,154011116.7024457,2767.0,71722.0,74489.0,484.0
VNM.5.7_1,BắcNinh,TiênDu,Tỉnh,Huyện,96368683.33269277,4119.0,65757.0,69876.0,725.0
VNM.5.2_1,BắcNinh,GiaBình,Tỉnh,Huyện,107708676.71916555,2144.0,26590.0,28734.0,267.0
VNM.31.4_1,HưngYên,KimĐộng,Tỉnh,Huyện,104919273.56084295,2660.0,29954.0,32614.0,311.0
VNM.31.6_1,HưngYên,PhùCừ,Tỉnh,Huyện,94682150.86950147,1622.0,18561.0,20183.0,213.0
VNM.28.4_1,HàNam,LýNhân,Tỉnh,Huyện,166741714.76957917,1363.0,44929.0,46292.0,278.0
VNM.57.18_1,ThanhHóa,SầmSơn,Tỉnh,ThànhPhố,44657140.986660294,28038.0,5934.0,33972.0,761.0
VNM.57.10_1,ThanhHóa,NgọcLặc,Tỉnh,Huyện,494020004.59787214,1674.0,40983.0,42657.0,86.0
VNM.57.4_1,ThanhHóa,ĐôngSơn,Tỉnh,Huyện,82393798.18012871,2470.0,19441.0,21911.0,266.0
VNM.57.15_1,ThanhHóa,QuảngXương,Tỉnh,Huyện,176230868.55931124,937.0,58524.0,59461.0,337.0
VNM.46.2_1,QuảngBình,BaĐồn,Tỉnh,ThịXã,162796297.86496407,15058.0,18954.0,34012.0,209.0
VNM.19.3_1,ĐàNẵng,HòaVang,ThànhPhố,Huyện,737603804.1809812,0.0,47228.0,47228.0,64.0
VNM.48.2_1,QuảngNgãi,BìnhSơn,Tỉnh,Huyện,468396444.543148,2156.0,50500.0,52656.0,112.0
VNM.8.7_1,BìnhĐịnh,QuyNhơn,Tỉnh,ThànhPhố,287482098.9938786,81621.0,9132.0,90753.0,316.0
VNM.43.6_1,NinhThuận,ThuậnBắc,Tỉnh,Huyện,317600085.9713362,0.0,15356.0,15356.0,48.0
VNM.11.5_1,BìnhThuận,HàmThuậnNam,Tỉnh,Huyện,1058074463.2075982,4589.0,34210.0,38799.0,37.0
VNM.15.5_1,ĐắkLắk,EaH'leo,Tỉnh,Huyện,1338314375.3475907,5809.0,39083.0,44892.0,34.0
VNM.16.3_1,ĐắkNông,ĐắkR'Lấp,Tỉnh,Huyện,635693064.3848985,3507.0,22518.0,26025.0,41.0
VNM.10.11_1,BìnhPhước,PhướcLong,Tỉnh,ThịXã,123758402.0273134,13532.0,3170.0,16702.0,135.0
VNM.53.2_1,TâyNinh,ChâuThành,Tỉnh,Huyện,580257241.2674848,2778.0,40484.0,43262.0,75.0
VNM.53.5_1,TâyNinh,HòaThành,Tỉnh,Huyện,83705466.1028005,3176.0,38158.0,41334.0,494.0
VNM.9.3_1,BìnhDương,BàuBàng,Tỉnh,Huyện,337200518.4247581,12155.0,20234.0,32389.0,96.0
VNM.17.8_1,ĐồngNai,ThốngNhất,Tỉnh,Huyện,246601958.10949528,0.0,53675.0,53675.0,218.0
VNM.25.13_1,HồChíMinh,1,ThànhPhố,Quận,7714496.545183531,41786.0,0.0,41786.0,5417.0
VNM.25.20_1,HồChíMinh,8,ThànhPhố,Quận,19152241.010870755,138344.0,0.0,138344.0,7223.0
VNM.25.19_1,HồChíMinh,7,ThànhPhố,Quận,35249209.42342924,152732.0,0.0,152732.0,4333.0
VNM.58.6_1,TiềnGiang,GòCôngĐông,Tỉnh,Huyện,234192413.54403162,5312.0,31318.0,36630.0,156.0
VNM.59.2_1,TràVinh,CầuNgang,Tỉnh,Huyện,326166377.6436875,2357.0,27855.0,30212.0,93.0
VNM.59.8_1,TràVinh,TràCú,Tỉnh,Huyện,317789095.38432205,2925.0,35571.0,38496.0,121.0
VNM.59.5_1,TràVinh,DuyênHải,Tỉnh,ThịXã,199517803.92477775,4581.0,10164.0,14745.0,74.0
VNM.18.12_1,ĐồngTháp,ThápMười,Tỉnh,Huyện,534332588.02546626,5801.0,34216.0,40017.0,75.0
VNM.18.3_1,ĐồngTháp,ChâuThành,Tỉnh,Huyện,245859973.1241541,2491.0,33322.0,35813.0,146.0
VNM.1.8_1,AnGiang,TịnhBiên,Tỉnh,Huyện,352576311.9329386,8469.0,18875.0,27344.0,78.0
VNM.33.15_1,KiênGiang,VĩnhThuận,Tỉnh,Huyện,374407688.11540705,3524.0,18644.0,22168.0,59.0
VNM.24.5_1,HậuGiang,NgãBảy,Tỉnh,ThịXã,77178883.28725383,7605.0,7582.0,15187.0,197.0
VNM.24.1_1,HậuGiang,ChâuThànhA,Tỉnh,Huyện,160310827.43189064,9591.0,17682.0,27273.0,170.0
VNM.51.11_1,SócTrăng,VĩnhChâu,Tỉnh,ThịXã,459496169.9051106,22335.0,27110.0,49445.0,108.0
VNM.51.10_1,SócTrăng,TrầnĐề,Tỉnh,Huyện,378989423.1416542,7438.0,22806.0,30244.0,80.0
VNM.2.4_1,BạcLiêu,HồngDân,Tỉnh,Huyện,444458988.9379256,3335.0,34000.0,37335.0,84.0
VNM.13.6_1,CàMau,PhúTân,Tỉnh,Huyện,428897549.5746944,4359.0,25347.0,29706.0,69.0
VNM.49.2_1,QuảngNinh,BìnhLiêu,Tỉnh,Huyện,471493782.23015136,924.0,9869.0,10793.0,23.0
VNM.22.3_1,HảiDương,ChíLinh,Tỉnh,ThịXã,283044893.33442146,40330.0,9176.0,49506.0,175.0
VNM.50.10_1,QuảngTrị,VĩnhLinh,Tỉnh,Huyện,619088884.4864715,5165.0,14435.0,19600.0,32.0
VNM.59.7_1,TràVinh,TiểuCần,Tỉnh,Huyện,227254972.56285825,3538.0,26255.0,29793.0,131.0
VNM.61.5_1,VĩnhLong,TamBình,Tỉnh,Huyện,290625821.02562034,1085.0,36864.0,37949.0,131.0
VNM.1.1_1,AnGiang,AnPhú,Tỉnh,Huyện,227030738.67099202,4912.0,30903.0,35815.0,158.0
VNM.49.11_1,QuảngNinh,QuảngYên,Tỉnh,ThịXã,279061877.6374885,25831.0,19695.0,45526.0,163.0
VNM.47.2_1,QuảngNam,ĐạiLộc,Tỉnh,Huyện,578877147.0630084,4645.0,33994.0,38639.0,67.0
VNM.48.6_1,QuảngNgãi,MinhLong,Tỉnh,Huyện,217205661.2530832,0.0,6622.0,6622.0,30.0
VNM.48.7_1,QuảngNgãi,NghĩaHành,Tỉnh,Huyện,235318543.13128102,2297.0,19492.0,21789.0,93.0
VNM.58.10_1,TiềnGiang,TânPhúĐông,Tỉnh,Huyện,153542765.3164208,0.0,10780.0,10780.0,70.0
VNM.18.10_1,ĐồngTháp,TânHồng,Tỉnh,Huyện,309205996.20655245,2387.0,16734.0,19121.0,62.0
VNM.33.10_1,KiênGiang,KiênLương,Tỉnh,Huyện,466707090.8755853,8873.0,14964.0,23837.0,51.0
VNM.12.2_1,CầnThơ,CờĐỏ,ThànhPhố,Huyện,320218450.89577824,4032.0,29589.0,33621.0,105.0
VNM.51.8_1,SócTrăng,SócTrăng,Tỉnh,ThànhPhố,76089804.68920393,40855.0,0.0,40855.0,537.0
VNM.9.5_1,BìnhDương,DĩAn,Tỉnh,ThịXã,59941396.96734547,217380.0,0.0,217380.0,3627.0
VNM.36.6_1,LaiChâu,TamĐường,Tỉnh,Huyện,683639085.9500458,2474.0,17257.0,19731.0,29.0
VNM.42.2_1,NinhBình,HoaLư,Tỉnh,Huyện,102929238.14661342,1057.0,18616.0,19673.0,191.0
VNM.41.20_1,NghệAn,Vinh,Tỉnh,ThànhPhố,105358278.54471251,65524.0,31354.0,96878.0,920.0
VNM.47.16_1,QuảngNam,TâyGiang,Tỉnh,Huyện,910948377.086786,0.0,7999.0,7999.0,9.0
VNM.47.12_1,QuảngNam,PhúNinh,Tỉnh,Huyện,255806789.5949749,1174.0,19646.0,20820.0,81.0
VNM.17.9_1,ĐồngNai,TrảngBom,Tỉnh,Huyện,329370842.3196479,9169.0,121978.0,131147.0,398.0
VNM.39.12_1,LongAn,TânTrụ,Tỉnh,Huyện,106404488.67869036,1343.0,16211.0,17554.0,165.0
VNM.37.11_1,LâmĐồng,LạcDương,Tỉnh,Huyện,1307510600.5133317,3677.0,6862.0,10539.0,8.0
VNM.23.15_1,HảiPhòng,VĩnhBảo,ThànhPhố,Huyện,182920020.01159868,1944.0,42409.0,44353.0,242.0
VNM.52.8_1,SơnLa,SơnLa,Tỉnh,ThànhPhố,323311189.6113348,20150.0,13612.0,33762.0,104.0
VNM.11.7_1,BìnhThuận,PhanThiết,Tỉnh,ThànhPhố,211864983.0506405,60568.0,10811.0,71379.0,337.0
VNM.60.4_1,TuyênQuang,NàHang,Tỉnh,Huyện,865623392.6367886,1686.0,11467.0,13153.0,15.0
VNM.56.2_1,TháiNguyên,ĐịnhHóa,Tỉnh,Huyện,513135852.5014167,1515.0,20993.0,22508.0,44.0
VNM.35.7_1,LạngSơn,LạngSơn,Tỉnh,ThànhPhố,78961384.99415557,20704.0,10152.0,30856.0,391.0
VNM.41.11_1,NghệAn,NghĩaĐàn,Tỉnh,Huyện,612616698.453215,1532.0,45006.0,46538.0,76.0
VNM.45.4_1,PhúYên,SơnHòa,Tỉnh,Huyện,936073927.8003552,2726.0,16110.0,18836.0,20.0
VNM.11.1_1,BìnhThuận,BắcBình,Tỉnh,Huyện,1867978144.587691,8622.0,34713.0,43335.0,23.0
VNM.34.2_1,KonTum,ĐắkHà,Tỉnh,Huyện,844604029.8881742,4530.0,18533.0,23063.0,27.0
VNM.25.6_1,HồChíMinh,GòVấp,ThànhPhố,Quận,19715674.550515678,286389.0,0.0,286389.0,14526.0
VNM.31.1_1,HưngYên,ÂnThi,Tỉnh,Huyện,129210608.63064696,2410.0,35800.0,38210.0,296.0
VNM.18.5_1,ĐồngTháp,HồngNgự,Tỉnh,Huyện,214242783.45465475,3708.0,24077.0,27785.0,130.0
VNM.55.5_1,TháiBình,TháiBình,Tỉnh,ThànhPhố,68064928.56700043,31964.0,23508.0,55472.0,815.0
VNM.18.7_1,ĐồngTháp,LaiVung,Tỉnh,Huyện,238465041.65389976,3114.0,42271.0,45385.0,190.0
VNM.37.6_1,LâmĐồng,ĐứcTrọng,Tỉnh,Huyện,904978798.9574316,14240.0,44573.0,58813.0,65.0
VNM.23.2_1,HảiPhòng,AnLão,ThànhPhố,Huyện,118371442.88956985,3754.0,37808.0,41562.0,351.0
VNM.20.5_1,ĐiệnBiên,MườngChà,Tỉnh,Huyện,1191854255.4512315,1473.0,15511.0,16984.0,14.0
VNM.48.1_1,QuảngNgãi,BaTơ,Tỉnh,Huyện,1137722036.6276836,1774.0,18941.0,20715.0,18.0
VNM.33.7_1,KiênGiang,HàTiên,Tỉnh,ThànhPhố,103293801.89993913,12508.0,2613.0,15121.0,146.0
VNM.27.4_1,HàNội,BaVì,ThànhPhố,Huyện,420402890.3296595,4184.0,78997.0,83181.0,198.0
VNM.26.3_1,HàGiang,ĐồngVăn,Tỉnh,Huyện,454290621.06344485,3309.0,23531.0,26840.0,59.0
VNM.26.1_1,HàGiang,BắcMê,Tỉnh,Huyện,846672671.5969417,2490.0,16699.0,19189.0,23.0
VNM.14.11_1,CaoBằng,ThôngNông,Tỉnh,Huyện,358318329.5451627,946.0,6997.0,7943.0,22.0
VNM.14.10_1,CaoBằng,ThạchAn,Tỉnh,Huyện,688807608.7284094,1133.0,7616.0,8749.0,13.0
VNM.4.4_1,BắcKạn,ChợMới,Tỉnh,Huyện,605609995.4624237,658.0,10617.0,11275.0,19.0
VNM.52.10_1,SơnLa,ThuậnChâu,Tỉnh,Huyện,1534028755.4191551,1328.0,59366.0,60694.0,40.0
VNM.30.5_1,HoàBình,KimBôi,Tỉnh,Huyện,551104760.6784141,777.0,36709.0,37486.0,68.0
VNM.30.11_1,HoàBình,YênThủy,Tỉnh,Huyện,287758340.59623593,1128.0,14198.0,15326.0,53.0
VNM.35.2_1,LạngSơn,BìnhGia,Tỉnh,Huyện,1093668432.3798997,767.0,14766.0,15533.0,14.0
VNM.35.4_1,LạngSơn,ChiLăng,Tỉnh,Huyện,703920389.535652,3214.0,18726.0,21940.0,31.0
VNM.35.5_1,LạngSơn,ĐìnhLập,Tỉnh,Huyện,1187690315.6595886,1653.0,7721.0,9374.0,8.0
VNM.49.3_1,QuảngNinh,CẩmPhả,Tỉnh,ThànhPhố,384952648.47023547,48333.0,2546.0,50879.0,132.0
VNM.3.1_1,BắcGiang,BắcGiang,Tỉnh,ThànhPhố,66725832.26881789,28080.0,19641.0,47721.0,715.0
VNM.62.8_1,VĩnhPhúc,VĩnhYên,Tỉnh,ThànhPhố,50898939.529435046,29133.0,5887.0,35020.0,688.0
VNM.31.5_1,HưngYên,MỹHào,Tỉnh,Huyện,79221658.94647792,4357.0,29485.0,33842.0,427.0
VNM.31.3_1,HưngYên,KhoáiChâu,Tỉnh,Huyện,130472464.71260831,2039.0,51873.0,53912.0,413.0
VNM.28.6_1,HàNam,ThanhLiêm,Tỉnh,Huyện,164802418.75172648,3096.0,28986.0,32082.0,195.0
VNM.57.17_1,ThanhHóa,QuanSơn,Tỉnh,Huyện,931898491.8278131,696.0,13118.0,13814.0,15.0
VNM.57.26_1,ThanhHóa,VĩnhLộc,Tỉnh,Huyện,157003194.82017484,545.0,23830.0,24375.0,155.0
VNM.57.27_1,ThanhHóa,YênĐịnh,Tỉnh,Huyện,234765139.64628333,2275.0,45404.0,47679.0,203.0
VNM.57.5_1,ThanhHóa,HậuLộc,Tỉnh,Huyện,139547596.15550268,1471.0,53428.0,54899.0,393.0
VNM.41.8_1,NghệAn,KỳSơn,Tỉnh,Huyện,2088693036.7913802,812.0,29479.0,30291.0,15.0
VNM.41.19_1,NghệAn,TươngDương,Tỉnh,Huyện,2807205343.8398004,1115.0,27103.0,28218.0,10.0
VNM.41.16_1,NghệAn,TânKỳ,Tỉnh,Huyện,729814521.8422754,1932.0,48249.0,50181.0,69.0
VNM.41.18_1,NghệAn,ThanhChương,Tỉnh,Huyện,1122566547.9743757,2079.0,73008.0,75087.0,67.0
VNM.29.3_1,HàTĩnh,ĐứcThọ,Tỉnh,Huyện,201921700.79485643,1622.0,20621.0,22243.0,110.0
VNM.46.6_1,QuảngBình,QuảngTrạch,Tỉnh,Huyện,445710760.26135576,0.0,34998.0,34998.0,79.0
VNM.46.5_1,QuảngBình,QuảngNinh,Tỉnh,Huyện,1197297854.2585945,1402.0,24482.0,25884.0,22.0
VNM.50.7_1,QuảngTrị,HướngHóa,Tỉnh,Huyện,1148089908.3472524,7448.0,21565.0,29013.0,25.0
VNM.50.2_1,QuảngTrị,CamLộ,Tỉnh,Huyện,343767412.6390433,1883.0,11254.0,13137.0,38.0
VNM.48.9_1,QuảngNgãi,SơnHà,Tỉnh,Huyện,755132604.7103441,3087.0,23223.0,26310.0,35.0
VNM.45.5_1,PhúYên,SôngCầu,Tỉnh,ThịXã,491746133.88649505,9181.0,20269.0,29450.0,60.0
VNM.15.4_1,ĐắkLắk,CưM'gar,Tỉnh,Huyện,823159696.683582,10402.0,51391.0,61793.0,75.0
VNM.15.13_1,ĐắkLắk,Lắk,Tỉnh,Huyện,1256051481.669787,1861.0,22401.0,24262.0,19.0
VNM.16.5_1,ĐắkNông,ĐăkGlong,Tỉnh,Huyện,1448120604.6058178,0.0,22908.0,22908.0,16.0
VNM.16.1_1,ĐắkNông,CưJút,Tỉnh,Huyện,720382791.3723168,5080.0,24307.0,29387.0,41.0
VNM.37.9_1,LâmĐồng,DiLinh,Tỉnh,Huyện,1616155819.3055146,6425.0,42883.0,49308.0,31.0
VNM.37.4_1,LâmĐồng,ĐạHuoai,Tỉnh,Huyện,495016612.3713251,3323.0,6184.0,9507.0,19.0
VNM.10.8_1,BìnhPhước,HớnQuản,Tỉnh,Huyện,667595815.318437,4588.0,25768.0,30356.0,45.0
VNM.7.1_1,BàRịa-VũngTàu,BàRịa,Tỉnh,ThànhPhố,90893393.38193576,21521.0,11104.0,32625.0,359.0
VNM.25.16_1,HồChíMinh,4,ThànhPhố,Quận,4178415.0205731033,56606.0,0.0,56606.0,13547.0
VNM.25.4_1,HồChíMinh,CầnGiờ,ThànhPhố,Huyện,717608334.4809732,2830.0,18728.0,21558.0,30.0
VNM.1.9_1,AnGiang,TânChâu,Tỉnh,ThịXã,171650412.41987258,12586.0,20449.0,33035.0,192.0
VNM.13.9_1,CàMau,UMinh,Tỉnh,Huyện,770539736.8316959,1932.0,27907.0,29839.0,39.0
VNM.44.4_1,PhúThọ,LâmThao,Tỉnh,Huyện,99560025.14656906,4443.0,23770.0,28213.0,283.0
VNM.22.4_1,HảiDương,GiaLộc,Tỉnh,Huyện,114002113.31928769,3816.0,36958.0,40774.0,358.0
VNM.28.2_1,HàNam,DuyTiên,Tỉnh,Huyện,122628133.44849813,3989.0,36666.0,40655.0,332.0
VNM.12.1_1,CầnThơ,BìnhThuỷ,ThànhPhố,Quận,70316279.7269146,46835.0,0.0,46835.0,666.0
VNM.21.10_1,GiaLai,IaGrai,Tỉnh,Huyện,1120175641.7000756,3365.0,30485.0,33850.0,30.0
VNM.27.21_1,HàNội,PhúcThọ,ThànhPhố,Huyện,119176976.5148223,2466.0,50594.0,53060.0,445.0
VNM.32.4_1,KhánhHòa,KhánhSơn,Tỉnh,Huyện,339693237.24350965,1574.0,7042.0,8616.0,25.0
VNM.52.11_1,SơnLa,VânHồ,Tỉnh,Huyện,969791693.1723815,0.0,20874.0,20874.0,22.0
VNM.22.1_1,HảiDương,BìnhGiang,Tỉnh,Huyện,106369569.87354241,1285.0,32252.0,33537.0,315.0
VNM.40.4_1,NamĐịnh,NamĐịnh,Tỉnh,ThànhPhố,46543128.72400205,41553.0,15023.0,56576.0,1216.0
VNM.8.6_1,BìnhĐịnh,PhùMỹ,Tỉnh,Huyện,554667546.8372917,4208.0,35494.0,39702.0,72.0
VNM.21.1_1,GiaLai,AnKhê,Tỉnh,ThịXã,199740187.56760067,13538.0,6641.0,20179.0,101.0
VNM.21.4_1,GiaLai,ChưPrông,Tỉnh,Huyện,1699659178.960839,3078.0,36924.0,40002.0,24.0
VNM.53.9_1,TâyNinh,TrảngBàng,Tỉnh,Huyện,338726130.8219992,3662.0,57299.0,60961.0,180.0
VNM.6.1_1,BếnTre,BếnTre,Tỉnh,ThànhPhố,71769497.87854038,16549.0,16131.0,32680.0,455.0
VNM.38.4_1,LàoCai,BátXát,Tỉnh,Huyện,1052549637.1229519,1657.0,28142.0,29799.0,28.0
VNM.9.6_1,BìnhDương,PhúGiáo,Tỉnh,Huyện,545763894.1614178,4363.0,23535.0,27898.0,51.0
VNM.52.2_1,SơnLa,MộcChâu,Tỉnh,Huyện,1077277236.4023159,11870.0,23726.0,35596.0,33.0
VNM.14.2_1,CaoBằng,BảoLâm,Tỉnh,Huyện,913494761.5273335,2087.0,21523.0,23610.0,26.0
VNM.21.5_1,GiaLai,ChưPưh,Tỉnh,Huyện,718994556.4794966,4110.0,22408.0,26518.0,37.0
VNM.39.9_1,LongAn,TânAn,Tỉnh,ThànhPhố,81750226.54874575,29103.0,11312.0,40415.0,494.0
VNM.5.8_1,BắcNinh,YênPhong,Tỉnh,Huyện,97122844.9520915,5997.0,79472.0,85469.0,880.0
VNM.55.7_1,TháiBình,TiềnHải,Tỉnh,Huyện,237650381.11329758,1355.0,53346.0,54701.0,230.0
VNM.45.2_1,PhúYên,ĐôngHòa,Tỉnh,Huyện,266926026.9607016,10041.0,22542.0,32583.0,122.0
VNM.9.2_1,BìnhDương,BếnCát,Tỉnh,ThịXã,234220747.13998422,115449.0,31370.0,146819.0,627.0
VNM.39.3_1,LongAn,CầnGiuộc,Tỉnh,Huyện,217515750.4021068,2855.0,63305.0,66160.0,304.0
VNM.63.8_1,YênBái,YênBái,Tỉnh,ThànhPhố,107589894.17139052,16999.0,6862.0,23861.0,222.0
VNM.11.4_1,BìnhThuận,HàmThuậnBắc,Tỉnh,Huyện,1343402525.018777,9781.0,51137.0,60918.0,45.0
VNM.35.8_1,LạngSơn,LộcBình,Tỉnh,Huyện,985172719.2930111,5037.0,23479.0,28516.0,29.0
VNM.24.2_1,HậuGiang,ChâuThành,Tỉnh,Huyện,141359423.96937138,6758.0,19210.0,25968.0,184.0
VNM.27.5_1,HàNội,CầuGiấy,ThànhPhố,Quận,12287570.64844822,116965.0,0.0,116965.0,9519.0
VNM.33.14_1,KiênGiang,UMinhThượng,Tỉnh,Huyện,434316267.4567952,0.0,17316.0,17316.0,40.0
VNM.36.7_1,LaiChâu,TânUyên,Tỉnh,Huyện,898327041.363088,4552.0,15763.0,20315.0,23.0
VNM.23.10_1,HảiPhòng,KiếnThuỵ,ThànhPhố,Huyện,104368619.35223435,860.0,38767.0,39627.0,380.0
VNM.31.9_1,HưngYên,VănLâm,Tỉnh,Huyện,74807938.13089177,7239.0,37571.0,44810.0,599.0
VNM.55.1_1,TháiBình,ĐôngHưng,Tỉnh,Huyện,199452666.30640623,942.0,59574.0,60516.0,303.0
VNM.42.7_1,NinhBình,YênKhánh,Tỉnh,Huyện,142502289.54601526,4186.0,39685.0,43871.0,308.0
VNM.11.6_1,BìnhThuận,LaGi,Tỉnh,ThịXã,184486163.70085424,19311.0,13640.0,32951.0,179.0
VNM.58.8_1,TiềnGiang,GòCông,Tỉnh,ThịXã,101950035.5399079,6306.0,21052.0,27358.0,268.0
VNM.8.10_1,BìnhĐịnh,VânCanh,Tỉnh,Huyện,802323381.2674248,2042.0,6839.0,8881.0,11.0
VNM.22.9_1,HảiDương,NinhGiang,Tỉnh,Huyện,136368205.18962517,1282.0,36075.0,37357.0,274.0
VNM.24.8_1,HậuGiang,VịThuỷ,Tỉnh,Huyện,226788056.77538854,1683.0,23694.0,25377.0,112.0
VNM.48.10_1,QuảngNgãi,SơnTịnh,Tỉnh,Huyện,242159446.6669947,0.0,29381.0,29381.0,121.0
VNM.41.9_1,NghệAn,NamĐàn,Tỉnh,Huyện,292518766.5977331,1968.0,44422.0,46390.0,159.0
VNM.52.1_1,SơnLa,BắcYên,Tỉnh,Huyện,1097153551.90804,1737.0,21346.0,23083.0,21.0
VNM.11.8_1,BìnhThuận,PhúQuí,Tỉnh,Huyện,18000260.080877222,0.0,9172.0,9172.0,510.0
VNM.13.8_1,CàMau,TrầnVănThời,Tỉnh,Huyện,700438608.0700963,14149.0,47895.0,62044.0,89.0
VNM.59.3_1,TràVinh,CàngLong,Tỉnh,Huyện,294841090.06212145,3100.0,35032.0,38132.0,129.0
VNM.33.2_1,KiênGiang,AnMinh,Tỉnh,Huyện,576309969.6997229,1952.0,32125.0,34077.0,59.0
VNM.62.4_1,VĩnhPhúc,SôngLô,Tỉnh,Huyện,150380724.44171345,898.0,25712.0,26610.0,177.0
VNM.41.15_1,NghệAn,QuỳnhLưu,Tỉnh,Huyện,444096646.81371033,2445.0,78942.0,81387.0,183.0
VNM.27.1_1,HàNội,ứngHòa,ThànhPhố,Huyện,188113474.32755998,4040.0,58883.0,62923.0,334.0
VNM.27.6_1,HàNội,ChươngMỹ,ThànhPhố,Huyện,238388380.4998006,11228.0,90893.0,102121.0,428.0
VNM.20.8_1,ĐiệnBiên,TủaChùa,Tỉnh,Huyện,680454395.1337714,1437.0,18608.0,20045.0,29.0
VNM.20.10_1,ĐiệnBiên,TuầnGiáo,Tỉnh,Huyện,1134911682.093473,2462.0,29513.0,31975.0,28.0
VNM.52.3_1,SơnLa,MaiSơn,Tỉnh,Huyện,1426405789.0667167,4142.0,50649.0,54791.0,38.0
VNM.52.7_1,SơnLa,SốpCộp,Tỉnh,Huyện,1472281012.8531733,0.0,18155.0,18155.0,12.0
VNM.30.4_1,HoàBình,KỳSơn,Tỉnh,Huyện,205594607.27936772,531.0,9012.0,9543.0,46.0
VNM.44.12_1,PhúThọ,ViệtTrì,Tỉnh,ThànhPhố,116054943.65791097,35574.0,21704.0,57278.0,494.0
VNM.44.6_1,PhúThọ,PhúThọ,Tỉnh,ThịXã,65031801.69675404,5877.0,13305.0,19182.0,295.0
VNM.44.11_1,PhúThọ,ThanhThuỷ,Tỉnh,Huyện,124582512.9354976,1431.0,22098.0,23529.0,189.0
VNM.44.8_1,PhúThọ,TânSơn,Tỉnh,Huyện,688010051.3748993,0.0,26700.0,26700.0,39.0
VNM.22.10_1,HảiDương,TứKỳ,Tỉnh,Huyện,172492364.16911298,1946.0,45884.0,47830.0,277.0
VNM.23.8_1,HảiPhòng,HồngBàng,ThànhPhố,Quận,14972673.018673198,24544.0,0.0,24544.0,1639.0
VNM.23.6_1,HảiPhòng,DươngKinh,ThànhPhố,Quận,46341331.01557469,18311.0,0.0,18311.0,395.0
VNM.55.4_1,TháiBình,QuỳnhPhụ,Tỉnh,Huyện,210177517.70921192,3094.0,54720.0,57814.0,275.0
VNM.28.1_1,HàNam,BìnhLục,Tỉnh,Huyện,143773128.1792382,1532.0,32627.0,34159.0,238.0
VNM.40.3_1,NamĐịnh,MỹLộc,Tỉnh,Huyện,74463983.67415912,1297.0,18005.0,19302.0,259.0
VNM.57.20_1,ThanhHóa,ThọXuân,Tỉnh,Huyện,283620683.5584261,3401.0,45411.0,48812.0,172.0
VNM.41.7_1,NghệAn,HưngNguyên,Tỉnh,Huyện,158021679.87326598,2633.0,35712.0,38345.0,243.0
VNM.29.1_1,HàTĩnh,CẩmXuyên,Tỉnh,Huyện,637332010.4489723,3710.0,38157.0,41867.0,66.0
VNM.29.10_1,HàTĩnh,LộcHà,Tỉnh,Huyện,117009282.16224247,0.0,20907.0,20907.0,179.0
VNM.46.8_1,QuảngBình,TuyênHóa,Tỉnh,Huyện,1127749364.7424588,1590.0,22401.0,23991.0,21.0
VNM.54.9_1,ThừaThiênHuế,QuảngĐiền,Tỉnh,Huyện,163778552.70138276,2683.0,17355.0,20038.0,122.0
VNM.47.5_1,QuảngNam,DuyXuyên,Tỉnh,Huyện,310581755.070232,6164.0,30769.0,36933.0,119.0
VNM.47.8_1,QuảngNam,NamGiang,Tỉnh,Huyện,1846117856.1671882,2138.0,6718.0,8856.0,5.0
VNM.8.1_1,BìnhĐịnh,AnLão,Tỉnh,Huyện,694053874.3057231,1145.0,7263.0,8408.0,12.0
VNM.8.4_1,BìnhĐịnh,HoàiNhơn,Tỉnh,Huyện,421273391.8091282,7206.0,43842.0,51048.0,121.0
VNM.45.7_1,PhúYên,TâyHoà,Tỉnh,Huyện,628821031.5622631,3431.0,27013.0,30444.0,48.0
VNM.43.7_1,NinhThuận,ThuậnNam,Tỉnh,Huyện,564536496.510064,0.0,18865.0,18865.0,33.0
VNM.34.3_1,KonTum,ĐắkTô,Tỉnh,Huyện,508831565.514022,4017.0,11096.0,15113.0,30.0
VNM.34.5_1,KonTum,KonPlông,Tỉnh,Huyện,1373326771.5544777,0.0,10434.0,10434.0,8.0
VNM.34.6_1,KonTum,KonRẫy,Tỉnh,Huyện,916409566.9064307,1701.0,8426.0,10127.0,11.0
VNM.16.4_1,ĐắkNông,ĐắkSong,Tỉnh,Huyện,804932311.2987093,2121.0,23982.0,26103.0,32.0
VNM.37.3_1,LâmĐồng,CátTiên,Tỉnh,Huyện,427319239.73995405,4452.0,5730.0,10182.0,24.0
VNM.10.4_1,BìnhPhước,BùGiaMập,Tỉnh,Huyện,1066566184.2936324,0.0,30311.0,30311.0,28.0
VNM.53.8_1,TâyNinh,TâyNinh,Tỉnh,ThànhPhố,139969647.68456975,31103.0,7978.0,39081.0,279.0
VNM.7.6_1,BàRịa-VũngTàu,VũngTàu,Tỉnh,ThànhPhố,140832322.12207523,101715.0,4918.0,106633.0,757.0
VNM.7.7_1,BàRịa-VũngTàu,XuyênMộc,Tỉnh,Huyện,641222306.2111894,4678.0,35283.0,39961.0,62.0
VNM.25.10_1,HồChíMinh,10,ThànhPhố,Quận,5707746.7600985365,80836.0,0.0,80836.0,14163.0
VNM.18.1_1,ĐồngTháp,CaoLãnh,Tỉnh,ThànhPhố,108439774.70025714,28161.0,22893.0,51054.0,471.0
VNM.1.4_1,AnGiang,ChâuPhú,Tỉnh,Huyện,450795016.5067474,4624.0,47867.0,52491.0,116.0
VNM.33.1_1,KiênGiang,AnBiên,Tỉnh,Huyện,391669427.19955105,3580.0,29651.0,33231.0,85.0
VNM.33.5_1,KiênGiang,GiangThành,Tỉnh,Huyện,406229031.389142,0.0,9382.0,9382.0,23.0
VNM.51.2_1,SócTrăng,CùLaoDung,Tỉnh,Huyện,242548760.0088431,1635.0,14036.0,15671.0,65.0
VNM.13.7_1,CàMau,ThớiBình,Tỉnh,Huyện,637161090.0785648,2895.0,36778.0,39673.0,62.0
VNM.46.7_1,QuảngBình,ĐồngHới,Tỉnh,ThànhPhố,155277438.24571654,26148.0,12018.0,38166.0,246.0
VNM.21.14_1,GiaLai,KrôngPa,Tỉnh,Huyện,1622217379.755256,3887.0,27574.0,31461.0,19.0
VNM.37.5_1,LâmĐồng,ĐạTẻh,Tỉnh,Huyện,527274387.8149847,4466.0,7613.0,12079.0,23.0
VNM.1.6_1,AnGiang,LongXuyên,Tỉnh,ThànhPhố,114609613.02042466,70515.0,9060.0,79575.0,694.0
VNM.12.5_1,CầnThơ,ÔMôn,ThànhPhố,Quận,129789291.64255835,35746.0,0.0,35746.0,275.0
VNM.54.3_1,ThừaThiênHuế,HươngThủy,Tỉnh,ThịXã,454953359.1190611,21825.0,14678.0,36503.0,80.0
VNM.10.1_1,BìnhPhước,BìnhLong,Tỉnh,ThịXã,127027155.642721,9776.0,7385.0,17161.0,135.0
VNM.14.6_1,CaoBằng,HoàAn,Tỉnh,Huyện,605972671.9979943,864.0,13748.0,14612.0,24.0
VNM.17.10_1,ĐồngNai,VĩnhCửu,Tỉnh,Huyện,1089567451.6650949,7690.0,48168.0,55858.0,51.0
VNM.3.5_1,BắcGiang,LụcNgạn,Tỉnh,Huyện,1028916825.0360225,2093.0,74629.0,76722.0,75.0
VNM.29.5_1,HàTĩnh,HàTĩnh,Tỉnh,ThànhPhố,56650241.16889206,18976.0,8630.0,27606.0,487.0
VNM.32.6_1,KhánhHòa,NhaTrang,Tỉnh,ThànhPhố,254716077.03978443,88793.0,43948.0,132741.0,521.0
VNM.33.4_1,KiênGiang,GiồngRiềng,Tỉnh,Huyện,641456245.6756635,6223.0,70085.0,76308.0,119.0
VNM.2.1_1,BạcLiêu,BạcLiêu,Tỉnh,ThànhPhố,147044185.1883301,35994.0,13693.0,49687.0,338.0
VNM.21.2_1,GiaLai,AyunPa,Tỉnh,ThịXã,286985716.8158076,6565.0,6408.0,12973.0,45.0
VNM.62.6_1,VĩnhPhúc,TamDương,Tỉnh,Huyện,108044616.4222183,3136.0,30687.0,33823.0,313.0
VNM.37.1_1,LâmĐồng,BảoLộc,Tỉnh,ThànhPhố,233113390.3398837,28309.0,17136.0,45445.0,195.0
VNM.19.5_1,ĐàNẵng,NgũHànhSơn,ThànhPhố,Quận,39579270.07703799,34577.0,0.0,34577.0,874.0
VNM.15.2_1,ĐắkLắk,BuônMaThuột,Tỉnh,ThànhPhố,378460980.5182081,82222.0,42923.0,125145.0,331.0
VNM.33.13_1,KiênGiang,TânHiệp,Tỉnh,Huyện,425565682.4391617,5068.0,33784.0,38852.0,91.0
VNM.34.10_1,KonTum,TuMơRông,Tỉnh,Huyện,859173866.7769432,0.0,10825.0,10825.0,13.0
VNM.52.5_1,SơnLa,PhùYên,Tỉnh,Huyện,1233684813.7647896,2165.0,31408.0,33573.0,27.0
VNM.27.16_1,HàNội,LongBiên,ThànhPhố,Quận,59589274.21945927,90324.0,0.0,90324.0,1516.0
VNM.21.12_1,GiaLai,KBang,Tỉnh,Huyện,1836478307.6759164,4579.0,16869.0,21448.0,12.0
VNM.57.6_1,ThanhHóa,HàTrung,Tỉnh,Huyện,244773330.935696,1642.0,33615.0,35257.0,144.0
VNM.15.10_1,ĐắkLắk,KrôngBúk,Tỉnh,Huyện,357633230.8730187,0.0,21406.0,21406.0,60.0
VNM.47.7_1,QuảngNam,HiệpĐức,Tỉnh,Huyện,496902225.55201733,900.0,8935.0,9835.0,20.0
VNM.34.8_1,KonTum,NgọcHồi,Tỉnh,Huyện,833510066.4209745,6444.0,13942.0,20386.0,24.0
VNM.14.12_1,CaoBằng,TràLĩnh,Tỉnh,Huyện,252795565.8886902,1581.0,5247.0,6828.0,27.0
VNM.14.13_1,CaoBằng,TrùngKhánh,Tỉnh,Huyện,466843997.0368469,1413.0,13320.0,14733.0,32.0
VNM.36.1_1,LaiChâu,LaiChâu,Tỉnh,ThànhPhố,70330282.17867897,10643.0,2359.0,13002.0,185.0
VNM.31.2_1,HưngYên,HưngYên,Tỉnh,ThànhPhố,70492297.9225643,12926.0,17037.0,29963.0,425.0
VNM.29.8_1,HàTĩnh,KỳAnh,Tỉnh,ThịXã,278556781.89068043,17904.0,10394.0,28298.0,102.0
VNM.50.5_1,QuảngTrị,GioLinh,Tỉnh,Huyện,473550209.2613401,3992.0,16487.0,20479.0,43.0
VNM.9.9_1,BìnhDương,ThuậnAn,Tỉnh,ThịXã,83757623.23151682,288465.0,2164.0,290629.0,3470.0
VNM.18.9_1,ĐồngTháp,TamNông,Tỉnh,Huyện,474693655.7406397,3316.0,26724.0,30040.0,63.0
VNM.42.1_1,NinhBình,GiaViễn,Tỉnh,Huyện,176858158.03217584,1326.0,32057.0,33383.0,189.0
VNM.47.13_1,QuảngNam,PhướcSơn,Tỉnh,Huyện,1153827873.174003,2374.0,6831.0,9205.0,8.0
VNM.41.2_1,NghệAn,CửaLò,Tỉnh,ThịXã,25695080.388682246,17916.0,0.0,17916.0,697.0
VNM.39.10_1,LongAn,TânHưng,Tỉnh,Huyện,497716747.69406193,1584.0,13223.0,14807.0,30.0
VNM.3.3_1,BắcGiang,LạngGiang,Tỉnh,Huyện,244071551.1350699,2504.0,59328.0,61832.0,253.0
VNM.51.7_1,SócTrăng,NgãNăm,Tỉnh,ThịXã,242454483.49168754,10424.0,9881.0,20305.0,84.0
VNM.25.11_1,HồChíMinh,11,ThànhPhố,Quận,5131334.11596253,66796.0,0.0,66796.0,13017.0
VNM.17.3_1,ĐồngNai,ĐịnhQuán,Tỉnh,Huyện,971939066.6178058,5310.0,46566.0,51876.0,53.0
VNM.60.6_1,TuyênQuang,TuyênQuang,Tỉnh,ThànhPhố,119259185.99229716,15159.0,10930.0,26089.0,219.0
VNM.61.7_1,VĩnhLong,VĩnhLong,Tỉnh,ThànhPhố,47934551.257407516,32069.0,9676.0,41745.0,871.0
VNM.20.4_1,ĐiệnBiên,Mườngảng,Tỉnh,Huyện,444747264.0048335,1648.0,15854.0,17502.0,39.0
